store_id,campaign_id,product_code,base_price,promo_type,quantity_sold(before_promo),quantity_sold(after_promo)
STCBE-2,CAMP_SAN_01,P11,190,50% OFF,34,52
STBLR-8,CAMP_DIW_01,P03,156,25% OFF,393,322
STVJD-0,CAMP_SAN_01,P07,300,BOGOF,22,85
STCBE-1,CAMP_DIW_01,P15,3000,500 Cashback,329,1000
STBLR-6,CAMP_DIW_01,P05,55,25% OFF,108,93
STBLR-4,CAMP_DIW_01,P11,190,50% OFF,91,116
STVSK-2,CAMP_SAN_01,P10,50,25% OFF,31,26
STHYD-4,CAMP_DIW_01,P13,350,BOGOF,73,245
STCBE-4,CAMP_SAN_01,P08,1190,BOGOF,30,79
STMDU-2,CAMP_SAN_01,P03,200,BOGOF,318,1265
STMYS-2,CAMP_DIW_01,P06,415,25% OFF,78,70
STHYD-6,CAMP_SAN_01,P15,3000,500 Cashback,126,302
STCHE-6,CAMP_DIW_01,P12,62,50% OFF,154,207
STBLR-3,CAMP_DIW_01,P04,290,25% OFF,343,270
STVSK-4,CAMP_SAN_01,P02,860,33% OFF,348,480
STCHE-2,CAMP_SAN_01,P07,300,BOGOF,43,167
STCHE-5,CAMP_SAN_01,P06,415,25% OFF,39,33
STTRV-0,CAMP_DIW_01,P01,172,33% OFF,164,236
STVSK-1,CAMP_SAN_01,P06,415,25% OFF,22,16
STHYD-5,CAMP_SAN_01,P07,300,BOGOF,55,213
STBLR-0,CAMP_DIW_01,P14,1020,BOGOF,42,168
STCHE-4,CAMP_DIW_01,P13,350,BOGOF,84,338
STBLR-8,CAMP_DIW_01,P11,190,50% OFF,66,88
STMYS-2,CAMP_SAN_01,P01,172,33% OFF,204,291
STTRV-0,CAMP_SAN_01,P08,1190,BOGOF,19,74
STMDU-3,CAMP_DIW_01,P03,156,25% OFF,227,202
STCBE-2,CAMP_SAN_01,P15,3000,500 Cashback,85,228
STMYS-0,CAMP_DIW_01,P14,1020,BOGOF,59,182
STCBE-2,CAMP_DIW_01,P13,350,BOGOF,50,190
STMDU-0,CAMP_DIW_01,P11,190,50% OFF,70,89
STCHE-2,CAMP_SAN_01,P01,172,33% OFF,333,402
STMYS-1,CAMP_SAN_01,P09,90,25% OFF,52,39
STBLR-8,CAMP_SAN_01,P05,55,25% OFF,34,24
STMDU-0,CAMP_SAN_01,P08,1190,BOGOF,33,136
STVJD-1,CAMP_SAN_01,P08,1190,BOGOF,27,109
STHYD-3,CAMP_DIW_01,P01,172,33% OFF,309,534
STBLR-5,CAMP_SAN_01,P03,200,BOGOF,348,1350
STHYD-2,CAMP_DIW_01,P04,290,25% OFF,287,220
STMYS-3,CAMP_SAN_01,P03,200,BOGOF,340,1485
STVJD-1,CAMP_DIW_01,P08,1190,BOGOF,24,82
STBLR-4,CAMP_SAN_01,P14,1020,BOGOF,121,474
STVSK-2,CAMP_SAN_01,P15,3000,500 Cashback,109,238
STCBE-3,CAMP_SAN_01,P07,300,BOGOF,33,128
STMYS-2,CAMP_SAN_01,P13,350,BOGOF,81,208
STVJD-1,CAMP_DIW_01,P03,156,25% OFF,183,150
STCBE-4,CAMP_DIW_01,P14,1020,BOGOF,36,111
STHYD-1,CAMP_DIW_01,P12,62,50% OFF,122,135
STVJD-0,CAMP_SAN_01,P06,415,25% OFF,16,14
STCHE-6,CAMP_SAN_01,P01,172,33% OFF,273,379
STCBE-0,CAMP_DIW_01,P05,55,25% OFF,78,75
STVSK-2,CAMP_SAN_01,P02,860,33% OFF,295,436
STMYS-0,CAMP_SAN_01,P13,350,BOGOF,114,287
STCHE-0,CAMP_SAN_01,P07,300,BOGOF,58,232
STHYD-2,CAMP_SAN_01,P10,50,25% OFF,42,31
STVJD-0,CAMP_SAN_01,P04,370,BOGOF,253,1017
STCHE-1,CAMP_DIW_01,P01,172,33% OFF,325,396
STBLR-9,CAMP_SAN_01,P10,50,25% OFF,40,36
STMLR-1,CAMP_DIW_01,P11,190,50% OFF,38,50
STCHE-3,CAMP_DIW_01,P05,55,25% OFF,106,92
STCBE-3,CAMP_DIW_01,P06,415,25% OFF,66,57
STHYD-5,CAMP_DIW_01,P03,156,25% OFF,358,347
STBLR-1,CAMP_DIW_01,P05,55,25% OFF,117,114
STHYD-3,CAMP_DIW_01,P04,290,25% OFF,367,297
STMLR-0,CAMP_DIW_01,P03,156,25% OFF,166,146
STMDU-0,CAMP_DIW_01,P15,3000,500 Cashback,369,1221
STMYS-2,CAMP_SAN_01,P05,55,25% OFF,37,30
STMLR-0,CAMP_SAN_01,P10,50,25% OFF,15,12
STCHE-5,CAMP_DIW_01,P04,290,25% OFF,309,268
STMDU-0,CAMP_DIW_01,P06,415,25% OFF,73,64
STHYD-5,CAMP_SAN_01,P14,1020,BOGOF,100,391
STCBE-0,CAMP_DIW_01,P15,3000,500 Cashback,320,937
STHYD-3,CAMP_DIW_01,P06,415,25% OFF,106,81
STHYD-5,CAMP_SAN_01,P10,50,25% OFF,39,35
STBLR-3,CAMP_DIW_01,P05,55,25% OFF,112,88
STMLR-2,CAMP_DIW_01,P09,110,50% OFF,36,37
STVSK-3,CAMP_SAN_01,P08,1190,BOGOF,30,81
STBLR-3,CAMP_SAN_01,P09,90,25% OFF,58,43
STMDU-1,CAMP_DIW_01,P05,55,25% OFF,92,79
STVJD-1,CAMP_SAN_01,P11,190,50% OFF,25,35
STMDU-2,CAMP_DIW_01,P03,156,25% OFF,206,179
STHYD-1,CAMP_SAN_01,P02,860,33% OFF,488,580
STVSK-4,CAMP_SAN_01,P03,200,BOGOF,223,604
STBLR-6,CAMP_DIW_01,P07,300,BOGOF,68,263
STVJD-0,CAMP_DIW_01,P10,65,50% OFF,57,75
STBLR-1,CAMP_DIW_01,P13,350,BOGOF,77,232
STHYD-2,CAMP_SAN_01,P02,860,33% OFF,465,646
STBLR-0,CAMP_SAN_01,P07,300,BOGOF,45,185
STHYD-3,CAMP_SAN_01,P10,50,25% OFF,39,29
STBLR-5,CAMP_SAN_01,P10,50,25% OFF,36,29
STMYS-3,CAMP_SAN_01,P08,1190,BOGOF,34,147
STCHE-6,CAMP_DIW_01,P13,350,BOGOF,75,252
STMDU-3,CAMP_SAN_01,P09,90,25% OFF,45,38
STVJD-0,CAMP_SAN_01,P15,3000,500 Cashback,63,151
STHYD-1,CAMP_DIW_01,P02,860,33% OFF,351,449
STVSK-3,CAMP_SAN_01,P10,50,25% OFF,27,21
STMLR-1,CAMP_DIW_01,P05,55,25% OFF,54,48
STVSK-4,CAMP_SAN_01,P15,3000,500 Cashback,100,175
STCHE-7,CAMP_SAN_01,P04,370,BOGOF,423,1801
STVSK-1,CAMP_DIW_01,P05,55,25% OFF,64,49
STMLR-0,CAMP_DIW_01,P15,3000,500 Cashback,196,509
STMLR-0,CAMP_SAN_01,P05,55,25% OFF,15,12
STMLR-2,CAMP_SAN_01,P15,3000,500 Cashback,66,147
STHYD-6,CAMP_SAN_01,P13,350,BOGOF,100,403
STHYD-1,CAMP_SAN_01,P13,350,BOGOF,122,326
STCHE-0,CAMP_SAN_01,P08,1190,BOGOF,51,196
STVJD-0,CAMP_SAN_01,P03,200,BOGOF,193,773
STTRV-0,CAMP_SAN_01,P02,860,33% OFF,241,344
STHYD-5,CAMP_DIW_01,P13,350,BOGOF,80,276
STHYD-1,CAMP_DIW_01,P06,415,25% OFF,103,88
STMYS-3,CAMP_SAN_01,P01,172,33% OFF,232,294
STMDU-0,CAMP_SAN_01,P02,860,33% OFF,318,448
STTRV-1,CAMP_DIW_01,P03,156,25% OFF,166,157
STBLR-5,CAMP_DIW_01,P06,415,25% OFF,101,90
STHYD-3,CAMP_SAN_01,P07,300,BOGOF,45,121
STMDU-1,CAMP_SAN_01,P08,1190,BOGOF,30,118
STHYD-5,CAMP_SAN_01,P12,62,50% OFF,49,70
STMLR-0,CAMP_DIW_01,P10,65,50% OFF,52,71
STBLR-5,CAMP_SAN_01,P08,1190,BOGOF,49,194
STHYD-4,CAMP_SAN_01,P11,190,50% OFF,54,78
STTRV-0,CAMP_DIW_01,P06,415,25% OFF,52,49
STBLR-6,CAMP_SAN_01,P03,200,BOGOF,423,1734
STBLR-4,CAMP_SAN_01,P10,50,25% OFF,31,26
STCBE-3,CAMP_DIW_01,P07,300,BOGOF,52,173
STCHE-6,CAMP_DIW_01,P11,190,50% OFF,80,100
STVSK-3,CAMP_SAN_01,P07,300,BOGOF,31,77
STVJD-0,CAMP_DIW_01,P02,860,33% OFF,197,285
STMYS-1,CAMP_SAN_01,P14,1020,BOGOF,109,453
STHYD-6,CAMP_DIW_01,P02,860,33% OFF,329,470
STVSK-0,CAMP_DIW_01,P03,156,25% OFF,259,225
STBLR-9,CAMP_DIW_01,P09,110,50% OFF,71,90
STBLR-2,CAMP_SAN_01,P07,300,BOGOF,31,122
STCHE-3,CAMP_SAN_01,P12,62,50% OFF,64,89
STVJD-1,CAMP_DIW_01,P01,172,33% OFF,180,255
STTRV-1,CAMP_DIW_01,P06,415,25% OFF,36,34
STMDU-2,CAMP_DIW_01,P06,415,25% OFF,50,43
STCBE-1,CAMP_DIW_01,P07,300,BOGOF,57,188
STCHE-1,CAMP_DIW_01,P02,860,33% OFF,364,451
STCHE-6,CAMP_DIW_01,P14,1020,BOGOF,59,195
STBLR-8,CAMP_DIW_01,P15,3000,500 Cashback,437,1306
STVSK-1,CAMP_SAN_01,P14,1020,BOGOF,82,322
STMDU-2,CAMP_SAN_01,P14,1020,BOGOF,76,300
STMLR-2,CAMP_SAN_01,P12,62,50% OFF,27,31
STHYD-4,CAMP_SAN_01,P13,350,BOGOF,135,534
STHYD-0,CAMP_DIW_01,P13,350,BOGOF,68,235
STMLR-1,CAMP_SAN_01,P08,1190,BOGOF,27,106
STCBE-4,CAMP_SAN_01,P04,370,BOGOF,363,990
STVSK-3,CAMP_DIW_01,P03,156,25% OFF,196,174
STBLR-7,CAMP_SAN_01,P13,350,BOGOF,133,559
STCHE-7,CAMP_SAN_01,P11,190,50% OFF,58,81
STMDU-1,CAMP_DIW_01,P08,1190,BOGOF,35,122
STMLR-2,CAMP_DIW_01,P13,350,BOGOF,38,133
STHYD-0,CAMP_DIW_01,P03,156,25% OFF,351,305
STBLR-4,CAMP_DIW_01,P05,55,25% OFF,136,121
STVSK-1,CAMP_SAN_01,P04,370,BOGOF,252,985
STVSK-3,CAMP_DIW_01,P15,3000,500 Cashback,260,681
STVJD-1,CAMP_DIW_01,P04,290,25% OFF,150,123
STHYD-6,CAMP_SAN_01,P11,190,50% OFF,49,69
STHYD-4,CAMP_SAN_01,P08,1190,BOGOF,51,203
STMYS-1,CAMP_DIW_01,P09,110,50% OFF,103,159
STVSK-0,CAMP_SAN_01,P14,1020,BOGOF,61,234
STCHE-3,CAMP_DIW_01,P03,156,25% OFF,330,290
STCBE-1,CAMP_SAN_01,P03,200,BOGOF,267,1054
STCBE-0,CAMP_SAN_01,P10,50,25% OFF,25,22
STBLR-1,CAMP_SAN_01,P06,415,25% OFF,39,36
STMDU-3,CAMP_DIW_01,P10,65,50% OFF,68,76
STMDU-0,CAMP_DIW_01,P03,156,25% OFF,241,209
STBLR-4,CAMP_DIW_01,P10,65,50% OFF,92,120
STVSK-3,CAMP_DIW_01,P10,65,50% OFF,68,76
STHYD-3,CAMP_DIW_01,P09,110,50% OFF,92,147
STCBE-4,CAMP_DIW_01,P06,415,25% OFF,68,61
STTRV-1,CAMP_SAN_01,P07,300,BOGOF,21,82
STMLR-0,CAMP_SAN_01,P12,62,50% OFF,33,47
STBLR-6,CAMP_SAN_01,P05,55,25% OFF,25,20
STMYS-1,CAMP_DIW_01,P10,65,50% OFF,103,158
STHYD-2,CAMP_SAN_01,P08,1190,BOGOF,60,238
STTRV-0,CAMP_DIW_01,P10,65,50% OFF,68,93
STMLR-0,CAMP_DIW_01,P08,1190,BOGOF,24,70
STMDU-3,CAMP_DIW_01,P02,860,33% OFF,276,345
STBLR-8,CAMP_SAN_01,P14,1020,BOGOF,97,385
STMLR-0,CAMP_SAN_01,P07,300,BOGOF,21,54
STTRV-1,CAMP_SAN_01,P06,415,25% OFF,21,19
STHYD-6,CAMP_SAN_01,P09,90,25% OFF,55,45
STHYD-5,CAMP_DIW_01,P07,300,BOGOF,59,195
STCHE-6,CAMP_SAN_01,P13,350,BOGOF,111,445
STVSK-2,CAMP_DIW_01,P14,1020,BOGOF,33,109
STHYD-4,CAMP_SAN_01,P12,62,50% OFF,52,72
STCBE-4,CAMP_DIW_01,P12,62,50% OFF,89,112
STCHE-5,CAMP_DIW_01,P06,415,25% OFF,87,77
STBLR-9,CAMP_DIW_01,P08,1190,BOGOF,47,163
STMYS-3,CAMP_SAN_01,P11,190,50% OFF,43,48
STMLR-0,CAMP_SAN_01,P01,172,33% OFF,169,236
STMLR-0,CAMP_DIW_01,P11,190,50% OFF,35,45
STHYD-3,CAMP_SAN_01,P05,55,25% OFF,30,22
STCHE-5,CAMP_DIW_01,P13,350,BOGOF,66,226
STVSK-4,CAMP_DIW_01,P01,172,33% OFF,155,218
STHYD-2,CAMP_DIW_01,P13,350,BOGOF,82,273
STBLR-5,CAMP_SAN_01,P01,172,33% OFF,264,361
STCHE-1,CAMP_DIW_01,P05,55,25% OFF,119,107
STCHE-4,CAMP_SAN_01,P13,350,BOGOF,114,502
STVJD-0,CAMP_SAN_01,P14,1020,BOGOF,48,187
STCHE-3,CAMP_SAN_01,P14,1020,BOGOF,112,460
STCHE-0,CAMP_DIW_01,P04,290,25% OFF,309,265
STBLR-2,CAMP_SAN_01,P09,90,25% OFF,64,53
STMYS-2,CAMP_DIW_01,P02,860,33% OFF,283,430
STTRV-1,CAMP_SAN_01,P14,1020,BOGOF,61,234
STMDU-0,CAMP_SAN_01,P06,415,25% OFF,21,17
STHYD-2,CAMP_SAN_01,P05,55,25% OFF,24,18
STMLR-1,CAMP_SAN_01,P03,200,BOGOF,195,776
STVSK-4,CAMP_DIW_01,P05,55,25% OFF,89,72
STTRV-0,CAMP_DIW_01,P02,860,33% OFF,196,303
STVJD-0,CAMP_SAN_01,P09,90,25% OFF,33,30
STHYD-1,CAMP_DIW_01,P08,1190,BOGOF,54,167
STHYD-0,CAMP_SAN_01,P11,190,50% OFF,42,65
STCBE-4,CAMP_DIW_01,P08,1190,BOGOF,40,119
STCHE-0,CAMP_DIW_01,P15,3000,500 Cashback,343,1056
STCHE-7,CAMP_DIW_01,P08,1190,BOGOF,54,218
STVSK-1,CAMP_DIW_01,P02,860,33% OFF,253,389
STVJD-1,CAMP_DIW_01,P13,350,BOGOF,36,124
STMDU-0,CAMP_DIW_01,P09,110,50% OFF,43,58
STMLR-1,CAMP_DIW_01,P03,156,25% OFF,192,165
STVSK-4,CAMP_DIW_01,P11,190,50% OFF,57,72
STCHE-4,CAMP_DIW_01,P04,290,25% OFF,304,273
STBLR-0,CAMP_DIW_01,P01,172,33% OFF,294,438
STVJD-1,CAMP_DIW_01,P02,860,33% OFF,210,321
STBLR-4,CAMP_DIW_01,P04,290,25% OFF,325,289
STBLR-8,CAMP_SAN_01,P01,172,33% OFF,346,491
STCBE-2,CAMP_DIW_01,P12,62,50% OFF,89,129
STMDU-1,CAMP_DIW_01,P15,3000,500 Cashback,322,985
STMDU-3,CAMP_DIW_01,P06,415,25% OFF,56,50
STMLR-2,CAMP_SAN_01,P09,90,25% OFF,33,27
STCHE-3,CAMP_DIW_01,P04,290,25% OFF,350,311
STMDU-0,CAMP_DIW_01,P07,300,BOGOF,49,199
STBLR-2,CAMP_DIW_01,P14,1020,BOGOF,47,162
STMLR-2,CAMP_DIW_01,P12,62,50% OFF,63,71
STMDU-1,CAMP_DIW_01,P04,290,25% OFF,255,219
STCHE-5,CAMP_SAN_01,P07,300,BOGOF,43,167
STMDU-3,CAMP_DIW_01,P13,350,BOGOF,56,184
STVSK-2,CAMP_DIW_01,P10,65,50% OFF,85,128
STHYD-5,CAMP_DIW_01,P04,290,25% OFF,327,310
STHYD-1,CAMP_SAN_01,P08,1190,BOGOF,52,134
STVSK-1,CAMP_DIW_01,P01,172,33% OFF,257,364
STCBE-2,CAMP_DIW_01,P11,190,50% OFF,40,62
STVSK-3,CAMP_DIW_01,P14,1020,BOGOF,38,117
STMLR-2,CAMP_SAN_01,P07,300,BOGOF,24,96
STMDU-0,CAMP_DIW_01,P14,1020,BOGOF,33,126
STMYS-1,CAMP_SAN_01,P07,300,BOGOF,43,186
STMDU-1,CAMP_DIW_01,P01,172,33% OFF,187,289
STHYD-1,CAMP_SAN_01,P15,3000,500 Cashback,103,177
STBLR-2,CAMP_DIW_01,P09,110,50% OFF,103,136
STCHE-6,CAMP_DIW_01,P07,300,BOGOF,59,201
STCHE-5,CAMP_SAN_01,P10,50,25% OFF,37,31
STCHE-0,CAMP_DIW_01,P11,190,50% OFF,80,102
STCBE-4,CAMP_DIW_01,P02,860,33% OFF,255,377
STMDU-0,CAMP_DIW_01,P10,65,50% OFF,78,102
STHYD-2,CAMP_DIW_01,P06,415,25% OFF,96,77
STBLR-9,CAMP_DIW_01,P10,65,50% OFF,92,125
STBLR-7,CAMP_DIW_01,P12,62,50% OFF,124,184
STBLR-9,CAMP_DIW_01,P01,172,33% OFF,329,467
STHYD-3,CAMP_DIW_01,P10,65,50% OFF,131,203
STMLR-0,CAMP_SAN_01,P03,200,BOGOF,206,541
STCHE-1,CAMP_SAN_01,P08,1190,BOGOF,43,109
STCHE-7,CAMP_SAN_01,P06,415,25% OFF,31,28
STBLR-0,CAMP_SAN_01,P10,50,25% OFF,31,25
STMDU-2,CAMP_DIW_01,P11,190,50% OFF,66,77
STHYD-4,CAMP_DIW_01,P02,860,33% OFF,362,521
STCHE-5,CAMP_DIW_01,P07,300,BOGOF,59,206
STBLR-0,CAMP_DIW_01,P03,156,25% OFF,358,315
STCHE-7,CAMP_DIW_01,P03,156,25% OFF,330,323
STCBE-0,CAMP_DIW_01,P01,172,33% OFF,255,425
STCBE-2,CAMP_SAN_01,P14,1020,BOGOF,78,334
STMLR-2,CAMP_DIW_01,P02,860,33% OFF,210,268
STVJD-1,CAMP_DIW_01,P05,55,25% OFF,59,48
STMYS-2,CAMP_DIW_01,P05,55,25% OFF,99,88
STBLR-0,CAMP_SAN_01,P05,55,25% OFF,28,22
STBLR-4,CAMP_DIW_01,P08,1190,BOGOF,49,163
STCBE-0,CAMP_DIW_01,P07,300,BOGOF,36,118
STCHE-2,CAMP_DIW_01,P07,300,BOGOF,59,196
STHYD-3,CAMP_DIW_01,P12,62,50% OFF,112,178
STMLR-2,CAMP_SAN_01,P01,172,33% OFF,183,215
STCBE-2,CAMP_DIW_01,P06,415,25% OFF,77,68
STMLR-0,CAMP_DIW_01,P01,172,33% OFF,173,250
STVSK-1,CAMP_SAN_01,P08,1190,BOGOF,33,131
STBLR-0,CAMP_DIW_01,P07,300,BOGOF,64,250
STCHE-5,CAMP_SAN_01,P13,350,BOGOF,87,341
STMYS-1,CAMP_DIW_01,P11,190,50% OFF,84,121
STCBE-2,CAMP_SAN_01,P12,62,50% OFF,33,51
STMYS-0,CAMP_SAN_01,P06,415,25% OFF,27,22
STCHE-3,CAMP_DIW_01,P11,190,50% OFF,96,120
STVSK-0,CAMP_SAN_01,P15,3000,500 Cashback,73,170
STCBE-4,CAMP_SAN_01,P10,50,25% OFF,22,18
STBLR-8,CAMP_SAN_01,P02,860,33% OFF,441,626
STBLR-3,CAMP_SAN_01,P15,3000,500 Cashback,114,249
STMLR-2,CAMP_DIW_01,P04,290,25% OFF,141,125
STCHE-7,CAMP_DIW_01,P05,55,25% OFF,112,107
STCHE-3,CAMP_DIW_01,P14,1020,BOGOF,52,211
STHYD-6,CAMP_DIW_01,P10,65,50% OFF,105,137
STHYD-6,CAMP_DIW_01,P08,1190,BOGOF,49,166
STVSK-1,CAMP_DIW_01,P06,415,25% OFF,63,51
STVSK-2,CAMP_DIW_01,P02,860,33% OFF,215,371
STMLR-2,CAMP_DIW_01,P14,1020,BOGOF,21,73
STCHE-3,CAMP_DIW_01,P02,860,33% OFF,371,519
STHYD-4,CAMP_SAN_01,P06,415,25% OFF,34,31
STCHE-2,CAMP_SAN_01,P11,190,50% OFF,58,68
STCBE-2,CAMP_DIW_01,P02,860,33% OFF,183,327
STMYS-1,CAMP_SAN_01,P01,172,33% OFF,345,520
STVJD-0,CAMP_SAN_01,P08,1190,BOGOF,22,88
STBLR-0,CAMP_DIW_01,P08,1190,BOGOF,56,220
STCHE-0,CAMP_DIW_01,P06,415,25% OFF,105,92
STBLR-0,CAMP_DIW_01,P10,65,50% OFF,103,134
STCBE-0,CAMP_SAN_01,P07,300,BOGOF,30,117
STBLR-1,CAMP_SAN_01,P09,90,25% OFF,82,74
STBLR-1,CAMP_SAN_01,P08,1190,BOGOF,58,158
STTRV-1,CAMP_SAN_01,P01,172,33% OFF,165,232
STMDU-2,CAMP_SAN_01,P01,172,33% OFF,265,328
STVSK-4,CAMP_DIW_01,P07,300,BOGOF,50,149
STTRV-0,CAMP_SAN_01,P07,300,BOGOF,30,117
STTRV-1,CAMP_SAN_01,P04,370,BOGOF,190,733
STCHE-5,CAMP_DIW_01,P12,62,50% OFF,110,130
STBLR-1,CAMP_DIW_01,P08,1190,BOGOF,50,149
STCBE-2,CAMP_DIW_01,P10,65,50% OFF,87,127
STCHE-0,CAMP_DIW_01,P07,300,BOGOF,75,252
STCBE-4,CAMP_SAN_01,P07,300,BOGOF,43,111
STMYS-3,CAMP_DIW_01,P06,415,25% OFF,101,89
STMDU-0,CAMP_DIW_01,P04,290,25% OFF,234,208
STBLR-1,CAMP_DIW_01,P12,62,50% OFF,129,170
STBLR-1,CAMP_SAN_01,P02,860,33% OFF,435,622
STHYD-6,CAMP_DIW_01,P15,3000,500 Cashback,388,1129
STHYD-3,CAMP_SAN_01,P15,3000,500 Cashback,121,200
STCHE-1,CAMP_SAN_01,P13,350,BOGOF,124,324
STCHE-6,CAMP_SAN_01,P05,55,25% OFF,25,18
STBLR-9,CAMP_DIW_01,P03,156,25% OFF,348,337
STBLR-6,CAMP_SAN_01,P01,172,33% OFF,301,454
STCBE-2,CAMP_DIW_01,P14,1020,BOGOF,42,160
STHYD-2,CAMP_DIW_01,P02,860,33% OFF,402,611
STCHE-1,CAMP_SAN_01,P04,370,BOGOF,460,1168
STTRV-0,CAMP_DIW_01,P13,350,BOGOF,38,129
STHYD-0,CAMP_SAN_01,P14,1020,BOGOF,106,422
STMLR-0,CAMP_DIW_01,P06,415,25% OFF,38,33
STVSK-4,CAMP_SAN_01,P11,190,50% OFF,40,57
STBLR-7,CAMP_SAN_01,P01,172,33% OFF,341,531
STBLR-3,CAMP_DIW_01,P07,300,BOGOF,70,231
STVJD-0,CAMP_DIW_01,P12,62,50% OFF,68,90
STMDU-2,CAMP_SAN_01,P06,415,25% OFF,19,15
STCHE-6,CAMP_DIW_01,P01,172,33% OFF,309,460
STVSK-4,CAMP_SAN_01,P01,172,33% OFF,223,301
STBLR-2,CAMP_SAN_01,P02,860,33% OFF,477,658
STCHE-6,CAMP_DIW_01,P05,55,25% OFF,112,85
STMDU-2,CAMP_DIW_01,P14,1020,BOGOF,28,96
STCBE-4,CAMP_DIW_01,P07,300,BOGOF,42,130
STVSK-2,CAMP_SAN_01,P11,190,50% OFF,25,37
STBLR-6,CAMP_SAN_01,P13,350,BOGOF,120,516
STHYD-1,CAMP_DIW_01,P01,172,33% OFF,311,385
STVSK-0,CAMP_DIW_01,P15,3000,500 Cashback,250,755
STMLR-0,CAMP_DIW_01,P14,1020,BOGOF,22,69
STBLR-9,CAMP_DIW_01,P07,300,BOGOF,63,213
STCHE-1,CAMP_SAN_01,P01,172,33% OFF,270,340
STMLR-2,CAMP_SAN_01,P06,415,25% OFF,15,12
STMLR-2,CAMP_SAN_01,P03,200,BOGOF,190,752
STMYS-0,CAMP_DIW_01,P10,65,50% OFF,129,167
STHYD-2,CAMP_DIW_01,P11,190,50% OFF,91,116
STVJD-1,CAMP_DIW_01,P06,415,25% OFF,49,40
STVJD-0,CAMP_DIW_01,P07,300,BOGOF,31,105
STCBE-1,CAMP_DIW_01,P01,172,33% OFF,182,223
STCHE-4,CAMP_SAN_01,P05,55,25% OFF,28,22
STVJD-1,CAMP_DIW_01,P10,65,50% OFF,71,95
STHYD-3,CAMP_SAN_01,P02,860,33% OFF,595,892
STHYD-6,CAMP_SAN_01,P01,172,33% OFF,306,416
STCBE-3,CAMP_SAN_01,P05,55,25% OFF,19,15
STMLR-1,CAMP_DIW_01,P14,1020,BOGOF,24,80
STCBE-0,CAMP_SAN_01,P13,350,BOGOF,82,323
STBLR-8,CAMP_DIW_01,P01,172,33% OFF,332,471
STCBE-0,CAMP_DIW_01,P13,350,BOGOF,52,173
STBLR-1,CAMP_DIW_01,P04,290,25% OFF,302,289
STCBE-2,CAMP_SAN_01,P06,415,25% OFF,16,13
STBLR-6,CAMP_DIW_01,P08,1190,BOGOF,52,204
STBLR-2,CAMP_DIW_01,P12,62,50% OFF,108,145
STVSK-2,CAMP_SAN_01,P01,172,33% OFF,232,364
STHYD-5,CAMP_DIW_01,P11,190,50% OFF,73,97
STHYD-3,CAMP_DIW_01,P07,300,BOGOF,54,170
STBLR-9,CAMP_DIW_01,P12,62,50% OFF,122,163
STCBE-3,CAMP_DIW_01,P09,110,50% OFF,40,60
STCHE-0,CAMP_SAN_01,P15,3000,500 Cashback,135,286
STBLR-8,CAMP_SAN_01,P07,300,BOGOF,51,205
STBLR-0,CAMP_DIW_01,P06,415,25% OFF,94,83
STHYD-2,CAMP_SAN_01,P15,3000,500 Cashback,136,288
STCHE-2,CAMP_SAN_01,P02,860,33% OFF,556,711
STCBE-3,CAMP_DIW_01,P12,62,50% OFF,82,126
STVSK-0,CAMP_DIW_01,P07,300,BOGOF,36,119
STHYD-3,CAMP_SAN_01,P06,415,25% OFF,28,20
STBLR-8,CAMP_SAN_01,P08,1190,BOGOF,42,161
STCHE-6,CAMP_DIW_01,P06,415,25% OFF,98,76
STCBE-1,CAMP_SAN_01,P02,860,33% OFF,379,462
STTRV-1,CAMP_DIW_01,P05,55,25% OFF,57,55
STMLR-2,CAMP_SAN_01,P02,860,33% OFF,270,313
STCHE-3,CAMP_SAN_01,P02,860,33% OFF,468,636
STCHE-2,CAMP_DIW_01,P05,55,25% OFF,91,88
STMLR-0,CAMP_SAN_01,P13,350,BOGOF,63,163
STHYD-1,CAMP_SAN_01,P09,90,25% OFF,58,47
STTRV-1,CAMP_SAN_01,P11,190,50% OFF,24,34
STVSK-0,CAMP_DIW_01,P05,55,25% OFF,89,80
STBLR-8,CAMP_DIW_01,P10,65,50% OFF,133,172
STHYD-4,CAMP_SAN_01,P01,172,33% OFF,234,322
STMLR-2,CAMP_DIW_01,P11,190,50% OFF,42,45
STBLR-7,CAMP_DIW_01,P06,415,25% OFF,96,84
STMYS-3,CAMP_DIW_01,P12,62,50% OFF,124,145
STMYS-0,CAMP_SAN_01,P02,860,33% OFF,499,703
STCBE-3,CAMP_DIW_01,P03,156,25% OFF,252,224
STBLR-5,CAMP_DIW_01,P04,290,25% OFF,322,276
STBLR-2,CAMP_SAN_01,P15,3000,500 Cashback,129,279
STBLR-8,CAMP_SAN_01,P09,90,25% OFF,46,33
STCBE-3,CAMP_SAN_01,P03,200,BOGOF,228,898
STHYD-2,CAMP_DIW_01,P08,1190,BOGOF,52,175
STCHE-7,CAMP_SAN_01,P02,860,33% OFF,525,756
STVSK-2,CAMP_DIW_01,P11,190,50% OFF,38,58
STHYD-5,CAMP_DIW_01,P09,110,50% OFF,92,124
STCHE-1,CAMP_SAN_01,P09,90,25% OFF,79,63
STCBE-1,CAMP_DIW_01,P14,1020,BOGOF,40,136
STBLR-3,CAMP_SAN_01,P14,1020,BOGOF,91,361
STMYS-2,CAMP_DIW_01,P14,1020,BOGOF,43,125
STCHE-0,CAMP_SAN_01,P03,200,BOGOF,294,1134
STMLR-1,CAMP_SAN_01,P06,415,25% OFF,18,14
STMYS-2,CAMP_SAN_01,P03,200,BOGOF,406,1015
STVSK-3,CAMP_DIW_01,P06,415,25% OFF,63,54
STCHE-0,CAMP_DIW_01,P14,1020,BOGOF,52,182
STHYD-3,CAMP_SAN_01,P12,62,50% OFF,64,100
STCBE-1,CAMP_SAN_01,P10,50,25% OFF,27,20
STVSK-4,CAMP_SAN_01,P12,62,50% OFF,40,58
STBLR-9,CAMP_DIW_01,P05,55,25% OFF,101,97
STBLR-6,CAMP_DIW_01,P11,190,50% OFF,75,117
STMDU-2,CAMP_SAN_01,P08,1190,BOGOF,33,129
STHYD-6,CAMP_DIW_01,P06,415,25% OFF,85,74
STVSK-3,CAMP_SAN_01,P03,200,BOGOF,250,687
STBLR-1,CAMP_DIW_01,P01,172,33% OFF,357,514
STCBE-0,CAMP_DIW_01,P02,860,33% OFF,313,541
STBLR-3,CAMP_SAN_01,P08,1190,BOGOF,40,154
STMLR-1,CAMP_SAN_01,P13,350,BOGOF,49,189
STBLR-7,CAMP_DIW_01,P04,290,25% OFF,276,242
STMYS-2,CAMP_SAN_01,P10,50,25% OFF,25,20
STBLR-9,CAMP_SAN_01,P09,90,25% OFF,61,57
STCHE-5,CAMP_SAN_01,P02,860,33% OFF,564,721
STHYD-1,CAMP_DIW_01,P03,156,25% OFF,351,319
STCHE-6,CAMP_DIW_01,P08,1190,BOGOF,54,185
STHYD-6,CAMP_DIW_01,P03,156,25% OFF,327,294
STHYD-1,CAMP_SAN_01,P12,62,50% OFF,51,57
STMLR-0,CAMP_DIW_01,P05,55,25% OFF,52,45
STBLR-0,CAMP_SAN_01,P11,190,50% OFF,43,62
STCHE-4,CAMP_DIW_01,P01,172,33% OFF,327,503
STCHE-5,CAMP_DIW_01,P09,110,50% OFF,75,80
STCHE-6,CAMP_SAN_01,P08,1190,BOGOF,60,238
STBLR-2,CAMP_SAN_01,P13,350,BOGOF,117,469
STCHE-1,CAMP_SAN_01,P14,1020,BOGOF,112,294
STBLR-9,CAMP_DIW_01,P13,350,BOGOF,94,329
STCHE-7,CAMP_DIW_01,P10,65,50% OFF,136,179
STBLR-4,CAMP_DIW_01,P01,172,33% OFF,337,478
STBLR-5,CAMP_DIW_01,P09,110,50% OFF,75,95
STTRV-1,CAMP_SAN_01,P05,55,25% OFF,10,9
STMLR-0,CAMP_SAN_01,P14,1020,BOGOF,37,96
STCHE-2,CAMP_SAN_01,P03,200,BOGOF,310,1246
STBLR-2,CAMP_SAN_01,P14,1020,BOGOF,88,346
STVSK-3,CAMP_SAN_01,P12,62,50% OFF,43,51
STBLR-1,CAMP_SAN_01,P15,3000,500 Cashback,136,220
STHYD-1,CAMP_DIW_01,P14,1020,BOGOF,43,127
STHYD-5,CAMP_SAN_01,P03,200,BOGOF,416,1630
STCBE-1,CAMP_SAN_01,P08,1190,BOGOF,43,171
STCBE-1,CAMP_DIW_01,P03,156,25% OFF,274,210
STHYD-0,CAMP_DIW_01,P15,3000,500 Cashback,397,1214
STBLR-8,CAMP_SAN_01,P04,370,BOGOF,480,1867
STHYD-2,CAMP_SAN_01,P09,90,25% OFF,66,49
STCHE-6,CAMP_SAN_01,P12,62,50% OFF,58,81
STMDU-1,CAMP_DIW_01,P12,62,50% OFF,85,117
STVJD-1,CAMP_DIW_01,P12,62,50% OFF,56,71
STTRV-1,CAMP_SAN_01,P03,200,BOGOF,193,746
STMYS-1,CAMP_SAN_01,P11,190,50% OFF,31,50
STCHE-2,CAMP_DIW_01,P06,415,25% OFF,85,81
STVJD-1,CAMP_DIW_01,P11,190,50% OFF,50,64
STBLR-2,CAMP_SAN_01,P12,62,50% OFF,54,77
STCBE-2,CAMP_SAN_01,P08,1190,BOGOF,40,168
STHYD-3,CAMP_SAN_01,P11,190,50% OFF,46,73
STCHE-4,CAMP_DIW_01,P05,55,25% OFF,127,115
STCHE-3,CAMP_DIW_01,P09,110,50% OFF,73,92
STCBE-0,CAMP_DIW_01,P09,110,50% OFF,59,89
STVSK-2,CAMP_SAN_01,P13,350,BOGOF,94,374
STCHE-2,CAMP_DIW_01,P02,860,33% OFF,411,509
STBLR-2,CAMP_DIW_01,P10,65,50% OFF,105,132
STCBE-0,CAMP_SAN_01,P06,415,25% OFF,15,14
STCHE-3,CAMP_SAN_01,P10,50,25% OFF,31,26
STCHE-4,CAMP_SAN_01,P15,3000,500 Cashback,112,321
STMDU-1,CAMP_SAN_01,P11,190,50% OFF,28,40
STCHE-1,CAMP_DIW_01,P14,1020,BOGOF,43,125
STCHE-4,CAMP_SAN_01,P07,300,BOGOF,45,191
STMDU-3,CAMP_SAN_01,P08,1190,BOGOF,36,145
STBLR-3,CAMP_DIW_01,P01,172,33% OFF,287,413
STHYD-2,CAMP_SAN_01,P03,200,BOGOF,472,1902
STHYD-2,CAMP_DIW_01,P03,156,25% OFF,357,289
STHYD-3,CAMP_SAN_01,P04,370,BOGOF,416,1085
STHYD-0,CAMP_SAN_01,P08,1190,BOGOF,46,179
STCBE-3,CAMP_DIW_01,P08,1190,BOGOF,29,96
STMYS-1,CAMP_DIW_01,P15,3000,500 Cashback,449,1499
STCHE-4,CAMP_DIW_01,P10,65,50% OFF,127,168
STMYS-1,CAMP_SAN_01,P06,415,25% OFF,19,14
STMDU-2,CAMP_SAN_01,P10,50,25% OFF,21,17
STCHE-5,CAMP_DIW_01,P08,1190,BOGOF,45,149
STCHE-1,CAMP_SAN_01,P12,62,50% OFF,57,66
STVSK-2,CAMP_DIW_01,P13,350,BOGOF,49,164
STCHE-1,CAMP_DIW_01,P04,290,25% OFF,327,287
STHYD-0,CAMP_DIW_01,P14,1020,BOGOF,47,163
STVJD-0,CAMP_DIW_01,P09,110,50% OFF,40,54
STVSK-0,CAMP_DIW_01,P10,65,50% OFF,84,127
STBLR-9,CAMP_DIW_01,P14,1020,BOGOF,45,153
STBLR-9,CAMP_SAN_01,P02,860,33% OFF,610,847
STTRV-0,CAMP_DIW_01,P05,55,25% OFF,61,59
STVSK-1,CAMP_DIW_01,P15,3000,500 Cashback,301,869
STBLR-8,CAMP_DIW_01,P13,350,BOGOF,66,220
STMDU-2,CAMP_SAN_01,P15,3000,500 Cashback,106,243
STHYD-6,CAMP_DIW_01,P01,172,33% OFF,320,467
STCHE-5,CAMP_SAN_01,P01,172,33% OFF,303,360
STVJD-1,CAMP_DIW_01,P09,110,50% OFF,49,65
STHYD-5,CAMP_SAN_01,P05,55,25% OFF,21,18
STMYS-3,CAMP_DIW_01,P04,290,25% OFF,383,344
STBLR-4,CAMP_SAN_01,P06,415,25% OFF,36,29
STVSK-0,CAMP_SAN_01,P05,55,25% OFF,18,14
STMYS-3,CAMP_SAN_01,P10,50,25% OFF,25,21
STMYS-3,CAMP_SAN_01,P05,55,25% OFF,19,16
STCBE-3,CAMP_SAN_01,P08,1190,BOGOF,40,158
STBLR-4,CAMP_SAN_01,P04,370,BOGOF,432,1736
STVSK-2,CAMP_SAN_01,P06,415,25% OFF,22,18
STCBE-1,CAMP_SAN_01,P07,300,BOGOF,40,155
STCHE-5,CAMP_SAN_01,P15,3000,500 Cashback,121,273
STMDU-2,CAMP_SAN_01,P11,190,50% OFF,25,28
STHYD-2,CAMP_DIW_01,P14,1020,BOGOF,42,139
STMLR-0,CAMP_DIW_01,P09,110,50% OFF,36,48
STVJD-1,CAMP_SAN_01,P15,3000,500 Cashback,66,144
STBLR-6,CAMP_SAN_01,P11,190,50% OFF,43,66
STCHE-6,CAMP_DIW_01,P10,65,50% OFF,122,153
STCBE-4,CAMP_DIW_01,P15,3000,500 Cashback,316,818
STHYD-0,CAMP_DIW_01,P08,1190,BOGOF,52,180
STBLR-6,CAMP_DIW_01,P06,415,25% OFF,87,78
STCHE-3,CAMP_DIW_01,P15,3000,500 Cashback,381,1303
STHYD-3,CAMP_SAN_01,P03,200,BOGOF,331,903
STBLR-8,CAMP_SAN_01,P13,350,BOGOF,97,378
STVSK-4,CAMP_SAN_01,P05,55,25% OFF,18,13
STCHE-1,CAMP_DIW_01,P07,300,BOGOF,75,217
STMYS-3,CAMP_SAN_01,P02,860,33% OFF,400,476
STCBE-4,CAMP_DIW_01,P01,172,33% OFF,203,296
STHYD-5,CAMP_DIW_01,P10,65,50% OFF,112,151
STHYD-2,CAMP_SAN_01,P01,172,33% OFF,333,456
STHYD-5,CAMP_SAN_01,P08,1190,BOGOF,36,139
STCHE-5,CAMP_DIW_01,P02,860,33% OFF,316,388
STHYD-2,CAMP_SAN_01,P06,415,25% OFF,46,34
STBLR-7,CAMP_SAN_01,P09,90,25% OFF,72,58
STMYS-0,CAMP_DIW_01,P15,3000,500 Cashback,262,673
STMLR-0,CAMP_SAN_01,P08,1190,BOGOF,27,70
STCBE-0,CAMP_DIW_01,P03,156,25% OFF,276,267
STBLR-7,CAMP_DIW_01,P05,55,25% OFF,122,107
STTRV-1,CAMP_DIW_01,P12,62,50% OFF,63,84
STVJD-1,CAMP_SAN_01,P01,172,33% OFF,166,225
STMLR-1,CAMP_DIW_01,P06,415,25% OFF,49,42
STHYD-5,CAMP_SAN_01,P02,860,33% OFF,471,659
STCBE-2,CAMP_DIW_01,P15,3000,500 Cashback,234,840
STMYS-2,CAMP_DIW_01,P15,3000,500 Cashback,486,1273
STMYS-3,CAMP_DIW_01,P01,172,33% OFF,311,398
STVSK-4,CAMP_SAN_01,P14,1020,BOGOF,75,198
STBLR-6,CAMP_SAN_01,P07,300,BOGOF,40,165
STHYD-4,CAMP_DIW_01,P09,110,50% OFF,73,95
STBLR-5,CAMP_SAN_01,P13,350,BOGOF,115,445
STMLR-0,CAMP_SAN_01,P04,370,BOGOF,267,731
STHYD-2,CAMP_SAN_01,P12,62,50% OFF,52,72
STHYD-3,CAMP_DIW_01,P05,55,25% OFF,129,104
STCBE-3,CAMP_SAN_01,P12,62,50% OFF,36,55
STCHE-3,CAMP_SAN_01,P15,3000,500 Cashback,127,367
STVJD-0,CAMP_DIW_01,P03,156,25% OFF,208,197
STMYS-2,CAMP_DIW_01,P13,350,BOGOF,63,189
STVSK-2,CAMP_DIW_01,P05,55,25% OFF,70,62
STVSK-4,CAMP_DIW_01,P15,3000,500 Cashback,292,750
STMDU-3,CAMP_SAN_01,P11,190,50% OFF,34,38
STBLR-4,CAMP_DIW_01,P14,1020,BOGOF,40,138
STBLR-0,CAMP_SAN_01,P09,90,25% OFF,54,45
STHYD-5,CAMP_SAN_01,P13,350,BOGOF,111,441
STCHE-4,CAMP_DIW_01,P07,300,BOGOF,61,236
STCBE-1,CAMP_SAN_01,P15,3000,500 Cashback,82,190
STCHE-7,CAMP_DIW_01,P11,190,50% OFF,87,114
STMLR-2,CAMP_SAN_01,P10,50,25% OFF,19,15
STMYS-2,CAMP_SAN_01,P11,190,50% OFF,61,86
STMDU-1,CAMP_DIW_01,P14,1020,BOGOF,36,126
STMYS-2,CAMP_DIW_01,P12,62,50% OFF,77,97
STVSK-1,CAMP_SAN_01,P09,90,25% OFF,40,28
STCHE-5,CAMP_SAN_01,P09,90,25% OFF,63,53
STCBE-4,CAMP_SAN_01,P03,200,BOGOF,336,913
STCHE-1,CAMP_DIW_01,P09,110,50% OFF,59,67
STVSK-4,CAMP_DIW_01,P09,110,50% OFF,63,86
STCBE-3,CAMP_SAN_01,P15,3000,500 Cashback,91,211
STBLR-0,CAMP_DIW_01,P11,190,50% OFF,80,108
STHYD-4,CAMP_SAN_01,P03,200,BOGOF,376,1447
STCHE-7,CAMP_SAN_01,P09,90,25% OFF,54,51
STMDU-0,CAMP_SAN_01,P09,90,25% OFF,57,47
STBLR-5,CAMP_DIW_01,P13,350,BOGOF,71,248
STCHE-6,CAMP_SAN_01,P04,370,BOGOF,483,1907
STHYD-5,CAMP_DIW_01,P05,55,25% OFF,106,102
STCHE-3,CAMP_SAN_01,P11,190,50% OFF,48,69
STVSK-1,CAMP_SAN_01,P11,190,50% OFF,28,40
STBLR-3,CAMP_DIW_01,P08,1190,BOGOF,43,145
STBLR-5,CAMP_DIW_01,P05,55,25% OFF,119,107
STCHE-7,CAMP_DIW_01,P09,110,50% OFF,71,90
STBLR-6,CAMP_DIW_01,P12,62,50% OFF,112,165
STTRV-0,CAMP_DIW_01,P07,300,BOGOF,26,87
STMDU-0,CAMP_SAN_01,P10,50,25% OFF,22,18
STCHE-3,CAMP_SAN_01,P04,370,BOGOF,379,1622
STMLR-1,CAMP_DIW_01,P01,172,33% OFF,141,217
STVSK-0,CAMP_SAN_01,P09,90,25% OFF,42,35
STCHE-5,CAMP_SAN_01,P14,1020,BOGOF,130,514
STHYD-3,CAMP_SAN_01,P08,1190,BOGOF,73,192
STVSK-4,CAMP_SAN_01,P07,300,BOGOF,33,83
STTRV-0,CAMP_SAN_01,P03,200,BOGOF,190,741
STBLR-5,CAMP_DIW_01,P01,172,33% OFF,322,483
STCHE-0,CAMP_DIW_01,P01,172,33% OFF,330,504
STBLR-6,CAMP_DIW_01,P02,860,33% OFF,367,612
STVSK-0,CAMP_SAN_01,P04,370,BOGOF,370,1457
STMDU-3,CAMP_DIW_01,P04,290,25% OFF,197,175
STCHE-3,CAMP_DIW_01,P01,172,33% OFF,369,546
STVSK-3,CAMP_SAN_01,P15,3000,500 Cashback,109,192
STMLR-2,CAMP_SAN_01,P08,1190,BOGOF,16,63
STTRV-1,CAMP_SAN_01,P13,350,BOGOF,51,205
STCBE-3,CAMP_DIW_01,P04,290,25% OFF,246,214
STCHE-6,CAMP_SAN_01,P15,3000,500 Cashback,147,320
STCHE-5,CAMP_SAN_01,P03,200,BOGOF,432,1736
STBLR-7,CAMP_SAN_01,P15,3000,500 Cashback,120,345
STCHE-4,CAMP_DIW_01,P15,3000,500 Cashback,448,1545
STHYD-1,CAMP_SAN_01,P14,1020,BOGOF,102,279
STCHE-4,CAMP_SAN_01,P08,1190,BOGOF,54,222
STVJD-1,CAMP_SAN_01,P10,50,25% OFF,18,13
STCHE-0,CAMP_SAN_01,P05,55,25% OFF,25,21
STCBE-1,CAMP_SAN_01,P13,350,BOGOF,87,346
STHYD-3,CAMP_DIW_01,P13,350,BOGOF,82,239
STCBE-0,CAMP_SAN_01,P09,90,25% OFF,49,46
STBLR-6,CAMP_SAN_01,P02,860,33% OFF,532,813
STHYD-1,CAMP_SAN_01,P10,50,25% OFF,36,29
STVSK-3,CAMP_SAN_01,P14,1020,BOGOF,54,137
STCBE-2,CAMP_SAN_01,P05,55,25% OFF,18,15
STMYS-1,CAMP_DIW_01,P14,1020,BOGOF,36,145
STVSK-0,CAMP_SAN_01,P03,200,BOGOF,261,1041
STBLR-5,CAMP_SAN_01,P12,62,50% OFF,55,77
STBLR-6,CAMP_DIW_01,P09,110,50% OFF,84,131
STMYS-1,CAMP_SAN_01,P15,3000,500 Cashback,133,383
STBLR-5,CAMP_SAN_01,P04,370,BOGOF,454,1756
STCHE-4,CAMP_DIW_01,P02,860,33% OFF,400,580
STMDU-3,CAMP_SAN_01,P07,300,BOGOF,22,88
STMDU-0,CAMP_DIW_01,P08,1190,BOGOF,29,116
STBLR-5,CAMP_SAN_01,P09,90,25% OFF,67,56
STBLR-4,CAMP_SAN_01,P07,300,BOGOF,48,185
STCHE-1,CAMP_DIW_01,P08,1190,BOGOF,45,137
STBLR-5,CAMP_DIW_01,P08,1190,BOGOF,47,159
STCBE-4,CAMP_SAN_01,P15,3000,500 Cashback,90,146
STCHE-6,CAMP_SAN_01,P09,90,25% OFF,81,60
STCHE-3,CAMP_SAN_01,P05,55,25% OFF,24,19
STVSK-3,CAMP_SAN_01,P11,190,50% OFF,34,39
STVSK-0,CAMP_DIW_01,P12,62,50% OFF,78,121
STHYD-0,CAMP_SAN_01,P15,3000,500 Cashback,121,274
STMLR-1,CAMP_SAN_01,P12,62,50% OFF,31,45
STMYS-3,CAMP_SAN_01,P14,1020,BOGOF,78,331
STBLR-0,CAMP_DIW_01,P13,350,BOGOF,73,282
STVSK-1,CAMP_SAN_01,P12,62,50% OFF,46,66
STCBE-0,CAMP_DIW_01,P08,1190,BOGOF,29,98
STHYD-2,CAMP_SAN_01,P07,300,BOGOF,48,188
STMLR-0,CAMP_DIW_01,P07,300,BOGOF,38,113
STBLR-9,CAMP_DIW_01,P06,415,25% OFF,91,89
STMYS-2,CAMP_SAN_01,P07,300,BOGOF,45,122
STVSK-0,CAMP_DIW_01,P06,415,25% OFF,64,58
STMDU-0,CAMP_SAN_01,P11,190,50% OFF,34,47
STBLR-1,CAMP_DIW_01,P06,415,25% OFF,87,82
STMDU-3,CAMP_DIW_01,P08,1190,BOGOF,26,91
STHYD-4,CAMP_DIW_01,P07,300,BOGOF,64,223
STCHE-1,CAMP_SAN_01,P03,200,BOGOF,424,1127
STVSK-3,CAMP_DIW_01,P01,172,33% OFF,229,293
STBLR-6,CAMP_SAN_01,P15,3000,500 Cashback,147,385
STHYD-6,CAMP_SAN_01,P03,200,BOGOF,378,1459
STMLR-1,CAMP_DIW_01,P07,300,BOGOF,29,97
STMDU-3,CAMP_SAN_01,P04,370,BOGOF,303,1172
STCBE-0,CAMP_DIW_01,P04,290,25% OFF,211,202
STMYS-3,CAMP_SAN_01,P15,3000,500 Cashback,160,443
STMLR-0,CAMP_DIW_01,P12,62,50% OFF,70,88
STHYD-3,CAMP_DIW_01,P08,1190,BOGOF,50,156
STMYS-3,CAMP_DIW_01,P09,110,50% OFF,68,76
STBLR-5,CAMP_SAN_01,P15,3000,500 Cashback,166,396
STCBE-0,CAMP_DIW_01,P06,415,25% OFF,59,56
STCHE-4,CAMP_SAN_01,P09,90,25% OFF,73,60
STVSK-1,CAMP_DIW_01,P08,1190,BOGOF,35,117
STMYS-2,CAMP_SAN_01,P02,860,33% OFF,484,677
STCHE-2,CAMP_SAN_01,P04,370,BOGOF,513,2067
STCHE-4,CAMP_SAN_01,P12,62,50% OFF,60,87
STMYS-0,CAMP_DIW_01,P06,415,25% OFF,57,49
STMDU-2,CAMP_DIW_01,P10,65,50% OFF,61,71
STBLR-9,CAMP_SAN_01,P07,300,BOGOF,40,159
STCHE-5,CAMP_SAN_01,P04,370,BOGOF,403,1587
STBLR-7,CAMP_SAN_01,P08,1190,BOGOF,54,235
STMLR-2,CAMP_DIW_01,P01,172,33% OFF,175,222
STVJD-0,CAMP_DIW_01,P15,3000,500 Cashback,218,673
STVSK-1,CAMP_DIW_01,P10,65,50% OFF,98,132
STHYD-3,CAMP_DIW_01,P02,860,33% OFF,365,616
STMDU-3,CAMP_DIW_01,P14,1020,BOGOF,31,108
STMDU-3,CAMP_DIW_01,P15,3000,500 Cashback,334,1022
STMYS-0,CAMP_DIW_01,P04,290,25% OFF,234,205
STMYS-1,CAMP_SAN_01,P03,200,BOGOF,382,1596
STCHE-5,CAMP_DIW_01,P03,156,25% OFF,413,375
STMYS-1,CAMP_DIW_01,P03,156,25% OFF,281,230
STCHE-1,CAMP_SAN_01,P05,55,25% OFF,30,25
STBLR-7,CAMP_SAN_01,P02,860,33% OFF,526,799
STCHE-2,CAMP_DIW_01,P13,350,BOGOF,84,293
STCBE-2,CAMP_SAN_01,P13,350,BOGOF,121,500
STVSK-3,CAMP_SAN_01,P04,370,BOGOF,265,673
STHYD-6,CAMP_SAN_01,P04,370,BOGOF,486,1890
STTRV-1,CAMP_SAN_01,P12,62,50% OFF,27,38
STBLR-2,CAMP_SAN_01,P08,1190,BOGOF,43,166
STBLR-5,CAMP_SAN_01,P07,300,BOGOF,52,207
STCHE-6,CAMP_SAN_01,P07,300,BOGOF,31,123
STCHE-4,CAMP_SAN_01,P03,200,BOGOF,387,1695
STBLR-5,CAMP_DIW_01,P14,1020,BOGOF,43,144
STCHE-4,CAMP_DIW_01,P09,110,50% OFF,87,115
STHYD-4,CAMP_DIW_01,P14,1020,BOGOF,52,176
STMYS-0,CAMP_SAN_01,P08,1190,BOGOF,48,129
STVJD-1,CAMP_SAN_01,P03,200,BOGOF,183,710
STCBE-1,CAMP_SAN_01,P12,62,50% OFF,42,48
STBLR-7,CAMP_DIW_01,P07,300,BOGOF,64,254
STHYD-5,CAMP_DIW_01,P01,172,33% OFF,337,485
STVSK-4,CAMP_DIW_01,P14,1020,BOGOF,38,114
STMYS-2,CAMP_SAN_01,P09,90,25% OFF,61,50
STBLR-8,CAMP_DIW_01,P08,1190,BOGOF,64,218
STBLR-1,CAMP_DIW_01,P09,110,50% OFF,73,95
STHYD-3,CAMP_DIW_01,P15,3000,500 Cashback,418,1082
STBLR-0,CAMP_SAN_01,P15,3000,500 Cashback,144,374
STBLR-4,CAMP_SAN_01,P12,62,50% OFF,64,92
STMLR-0,CAMP_DIW_01,P02,860,33% OFF,194,271
STVSK-4,CAMP_DIW_01,P13,350,BOGOF,61,178
STBLR-5,CAMP_DIW_01,P10,65,50% OFF,115,151
STHYD-1,CAMP_SAN_01,P04,370,BOGOF,444,1123
STBLR-6,CAMP_DIW_01,P03,156,25% OFF,402,353
STHYD-4,CAMP_DIW_01,P11,190,50% OFF,82,107
STCBE-4,CAMP_SAN_01,P11,190,50% OFF,28,39
STMDU-2,CAMP_SAN_01,P12,62,50% OFF,36,42
STTRV-0,CAMP_DIW_01,P11,190,50% OFF,33,42
STBLR-4,CAMP_SAN_01,P02,860,33% OFF,501,701
STVSK-2,CAMP_SAN_01,P07,300,BOGOF,24,93
STCBE-4,CAMP_DIW_01,P05,55,25% OFF,101,89
STBLR-1,CAMP_SAN_01,P04,370,BOGOF,413,1102
STBLR-0,CAMP_SAN_01,P02,860,33% OFF,451,613
STMDU-2,CAMP_DIW_01,P05,55,25% OFF,80,70
STBLR-6,CAMP_DIW_01,P13,350,BOGOF,98,372
STMLR-1,CAMP_DIW_01,P08,1190,BOGOF,29,100
STCBE-2,CAMP_SAN_01,P04,370,BOGOF,355,1508
STVJD-0,CAMP_SAN_01,P11,190,50% OFF,25,35
STBLR-7,CAMP_SAN_01,P06,415,25% OFF,34,28
STCBE-3,CAMP_SAN_01,P06,415,25% OFF,18,14
STVSK-3,CAMP_SAN_01,P13,350,BOGOF,58,148
STMDU-1,CAMP_DIW_01,P06,415,25% OFF,70,63
STBLR-7,CAMP_SAN_01,P11,190,50% OFF,45,73
STTRV-1,CAMP_DIW_01,P09,110,50% OFF,42,55
STCHE-6,CAMP_SAN_01,P03,200,BOGOF,358,1410
STBLR-0,CAMP_SAN_01,P12,62,50% OFF,52,75
STCBE-3,CAMP_DIW_01,P11,190,50% OFF,66,102
STBLR-3,CAMP_SAN_01,P10,50,25% OFF,28,21
STBLR-3,CAMP_SAN_01,P02,860,33% OFF,450,634
STCBE-3,CAMP_DIW_01,P10,65,50% OFF,82,122
STMYS-1,CAMP_DIW_01,P02,860,33% OFF,395,711
STMDU-0,CAMP_SAN_01,P15,3000,500 Cashback,122,342
STCHE-3,CAMP_DIW_01,P10,65,50% OFF,119,154
STCHE-2,CAMP_DIW_01,P12,62,50% OFF,119,138
STBLR-4,CAMP_SAN_01,P13,350,BOGOF,94,371
STCHE-1,CAMP_DIW_01,P15,3000,500 Cashback,316,859
STMDU-1,CAMP_DIW_01,P07,300,BOGOF,47,157
STVSK-3,CAMP_SAN_01,P06,415,25% OFF,33,27
STCHE-1,CAMP_DIW_01,P06,415,25% OFF,99,87
STVSK-0,CAMP_SAN_01,P10,50,25% OFF,16,13
STCBE-0,CAMP_SAN_01,P11,190,50% OFF,45,72
STCHE-2,CAMP_SAN_01,P14,1020,BOGOF,105,407
STVSK-0,CAMP_SAN_01,P02,860,33% OFF,408,632
STVSK-2,CAMP_SAN_01,P08,1190,BOGOF,27,107
STCHE-6,CAMP_DIW_01,P03,156,25% OFF,334,260
STCBE-0,CAMP_SAN_01,P04,370,BOGOF,367,1423
STVSK-3,CAMP_SAN_01,P05,55,25% OFF,19,15
STHYD-0,CAMP_DIW_01,P02,860,33% OFF,367,601
STHYD-5,CAMP_SAN_01,P04,370,BOGOF,412,1615
STBLR-5,CAMP_DIW_01,P02,860,33% OFF,351,526
STCBE-2,CAMP_DIW_01,P01,172,33% OFF,190,313
STVJD-1,CAMP_DIW_01,P14,1020,BOGOF,24,80
STCHE-1,CAMP_SAN_01,P10,50,25% OFF,40,33
STHYD-4,CAMP_DIW_01,P03,156,25% OFF,341,327
STHYD-4,CAMP_DIW_01,P05,55,25% OFF,106,101
STCHE-7,CAMP_SAN_01,P01,172,33% OFF,256,358
STBLR-3,CAMP_SAN_01,P01,172,33% OFF,277,387
STCBE-1,CAMP_SAN_01,P11,190,50% OFF,28,31
STBLR-7,CAMP_DIW_01,P02,860,33% OFF,336,577
STMYS-1,CAMP_DIW_01,P08,1190,BOGOF,47,184
STHYD-4,CAMP_SAN_01,P02,860,33% OFF,594,819
STCBE-1,CAMP_DIW_01,P09,110,50% OFF,59,69
STBLR-7,CAMP_SAN_01,P10,50,25% OFF,40,33
STMDU-2,CAMP_DIW_01,P15,3000,500 Cashback,315,976
STBLR-2,CAMP_SAN_01,P11,190,50% OFF,49,68
STHYD-0,CAMP_SAN_01,P04,370,BOGOF,412,1615
STHYD-4,CAMP_DIW_01,P04,290,25% OFF,376,360
STMDU-3,CAMP_SAN_01,P12,62,50% OFF,45,53
STMYS-3,CAMP_DIW_01,P13,350,BOGOF,73,282
STVJD-0,CAMP_DIW_01,P05,55,25% OFF,56,54
STTRV-1,CAMP_DIW_01,P01,172,33% OFF,147,214
STMYS-3,CAMP_DIW_01,P10,65,50% OFF,103,109
STCHE-5,CAMP_SAN_01,P12,62,50% OFF,58,65
STCBE-1,CAMP_SAN_01,P01,172,33% OFF,169,206
STMLR-2,CAMP_DIW_01,P10,65,50% OFF,61,68
STMDU-3,CAMP_SAN_01,P02,860,33% OFF,457,548
STVSK-4,CAMP_DIW_01,P04,290,25% OFF,255,196
STCBE-1,CAMP_DIW_01,P06,415,25% OFF,57,44
STCHE-0,CAMP_DIW_01,P08,1190,BOGOF,45,152
STVSK-0,CAMP_DIW_01,P13,350,BOGOF,47,161
STVSK-1,CAMP_SAN_01,P02,860,33% OFF,387,530
STCHE-5,CAMP_DIW_01,P10,65,50% OFF,141,157
STMYS-3,CAMP_DIW_01,P07,300,BOGOF,59,233
STMDU-3,CAMP_DIW_01,P05,55,25% OFF,64,58
STBLR-1,CAMP_SAN_01,P11,190,50% OFF,39,55
STMYS-0,CAMP_DIW_01,P09,110,50% OFF,70,87
STVSK-1,CAMP_DIW_01,P04,290,25% OFF,252,196
STCBE-4,CAMP_DIW_01,P13,350,BOGOF,42,128
STBLR-5,CAMP_DIW_01,P11,190,50% OFF,63,81
STMDU-0,CAMP_DIW_01,P01,172,33% OFF,201,305
STCHE-5,CAMP_SAN_01,P11,190,50% OFF,34,39
STMDU-1,CAMP_SAN_01,P03,200,BOGOF,255,1009
STBLR-3,CAMP_DIW_01,P03,156,25% OFF,390,308
STCHE-5,CAMP_DIW_01,P05,55,25% OFF,127,109
STBLR-2,CAMP_SAN_01,P05,55,25% OFF,24,19
STHYD-2,CAMP_DIW_01,P05,55,25% OFF,110,86
STHYD-4,CAMP_DIW_01,P08,1190,BOGOF,63,208
STHYD-1,CAMP_SAN_01,P06,415,25% OFF,27,22
STMDU-3,CAMP_SAN_01,P01,172,33% OFF,214,267
STBLR-1,CAMP_DIW_01,P02,860,33% OFF,358,537
STVSK-0,CAMP_DIW_01,P04,290,25% OFF,201,174
STMYS-0,CAMP_DIW_01,P03,156,25% OFF,301,264
STMYS-0,CAMP_SAN_01,P12,62,50% OFF,66,92
STBLR-3,CAMP_SAN_01,P13,350,BOGOF,118,455
STHYD-0,CAMP_SAN_01,P12,62,50% OFF,57,90
STHYD-5,CAMP_DIW_01,P15,3000,500 Cashback,357,1046
STBLR-2,CAMP_DIW_01,P06,415,25% OFF,92,81
STTRV-0,CAMP_DIW_01,P09,110,50% OFF,33,43
STBLR-7,CAMP_DIW_01,P08,1190,BOGOF,49,186
STHYD-3,CAMP_DIW_01,P11,190,50% OFF,80,124
STBLR-2,CAMP_DIW_01,P07,300,BOGOF,56,196
STBLR-9,CAMP_SAN_01,P11,190,50% OFF,52,73
STBLR-0,CAMP_SAN_01,P14,1020,BOGOF,85,350
STCHE-6,CAMP_DIW_01,P09,110,50% OFF,66,82
STCHE-7,CAMP_SAN_01,P08,1190,BOGOF,42,186
STMDU-0,CAMP_SAN_01,P13,350,BOGOF,90,371
STMDU-1,CAMP_SAN_01,P02,860,33% OFF,289,404
STCBE-4,CAMP_SAN_01,P12,62,50% OFF,37,53
STCHE-4,CAMP_SAN_01,P02,860,33% OFF,642,918
STMLR-1,CAMP_DIW_01,P15,3000,500 Cashback,211,614
STBLR-6,CAMP_DIW_01,P10,65,50% OFF,103,160
STBLR-0,CAMP_DIW_01,P09,110,50% OFF,78,104
STVSK-4,CAMP_SAN_01,P13,350,BOGOF,85,215
STCBE-4,CAMP_DIW_01,P04,290,25% OFF,252,226
STMLR-2,CAMP_SAN_01,P13,350,BOGOF,70,281
STCBE-3,CAMP_DIW_01,P01,172,33% OFF,241,404
STBLR-9,CAMP_DIW_01,P11,190,50% OFF,75,98
STBLR-9,CAMP_DIW_01,P04,290,25% OFF,311,304
STMLR-0,CAMP_DIW_01,P04,290,25% OFF,175,150
STTRV-0,CAMP_SAN_01,P05,55,25% OFF,12,11
STVSK-0,CAMP_SAN_01,P07,300,BOGOF,24,92
STBLR-4,CAMP_DIW_01,P07,300,BOGOF,70,243
STBLR-1,CAMP_SAN_01,P13,350,BOGOF,111,290
STCBE-2,CAMP_DIW_01,P08,1190,BOGOF,33,129
STCHE-2,CAMP_SAN_01,P06,415,25% OFF,25,22
STCBE-2,CAMP_SAN_01,P10,50,25% OFF,22,18
STVJD-1,CAMP_SAN_01,P05,55,25% OFF,13,9
STMYS-1,CAMP_SAN_01,P13,350,BOGOF,129,540
STCHE-3,CAMP_SAN_01,P08,1190,BOGOF,46,203
STVSK-0,CAMP_DIW_01,P11,190,50% OFF,49,76
STHYD-5,CAMP_SAN_01,P09,90,25% OFF,66,62
STBLR-4,CAMP_DIW_01,P13,350,BOGOF,84,285
STCHE-7,CAMP_SAN_01,P12,62,50% OFF,67,95
STBLR-3,CAMP_SAN_01,P04,370,BOGOF,481,1890
STCHE-0,CAMP_SAN_01,P04,370,BOGOF,469,1861
STBLR-0,CAMP_SAN_01,P04,370,BOGOF,465,2064
STCHE-1,CAMP_SAN_01,P06,415,25% OFF,36,29
STBLR-6,CAMP_SAN_01,P12,62,50% OFF,54,83
STVJD-0,CAMP_DIW_01,P08,1190,BOGOF,26,86
STCHE-4,CAMP_DIW_01,P08,1190,BOGOF,54,213
STMLR-1,CAMP_SAN_01,P11,190,50% OFF,21,30
STMLR-1,CAMP_DIW_01,P13,350,BOGOF,42,145
STCBE-4,CAMP_SAN_01,P13,350,BOGOF,75,200
STCHE-7,CAMP_DIW_01,P04,290,25% OFF,348,334
STHYD-6,CAMP_DIW_01,P11,190,50% OFF,57,71
STMYS-1,CAMP_DIW_01,P01,172,33% OFF,334,591
STTRV-1,CAMP_SAN_01,P15,3000,500 Cashback,54,125
STVSK-0,CAMP_DIW_01,P09,110,50% OFF,50,76
STTRV-0,CAMP_SAN_01,P15,3000,500 Cashback,79,171
STMDU-0,CAMP_SAN_01,P04,370,BOGOF,273,1201
STTRV-1,CAMP_DIW_01,P13,350,BOGOF,36,122
STCHE-0,CAMP_SAN_01,P14,1020,BOGOF,106,424
STMDU-1,CAMP_SAN_01,P05,55,25% OFF,15,12
STCBE-1,CAMP_SAN_01,P05,55,25% OFF,25,18
STBLR-7,CAMP_DIW_01,P15,3000,500 Cashback,416,1389
STMDU-2,CAMP_SAN_01,P05,55,25% OFF,21,17
STMYS-3,CAMP_SAN_01,P12,62,50% OFF,60,67
STCHE-0,CAMP_DIW_01,P09,110,50% OFF,94,119
STBLR-9,CAMP_SAN_01,P14,1020,BOGOF,111,429
STHYD-5,CAMP_DIW_01,P06,415,25% OFF,82,80
STCBE-4,CAMP_DIW_01,P11,190,50% OFF,59,79
STTRV-0,CAMP_DIW_01,P12,62,50% OFF,54,68
STHYD-1,CAMP_DIW_01,P04,290,25% OFF,318,276
STVSK-3,CAMP_SAN_01,P09,90,25% OFF,39,31
STMLR-1,CAMP_DIW_01,P12,62,50% OFF,71,90
STBLR-3,CAMP_SAN_01,P07,300,BOGOF,54,217
STMYS-3,CAMP_DIW_01,P08,1190,BOGOF,29,115
STMYS-2,CAMP_SAN_01,P14,1020,BOGOF,105,276
STTRV-0,CAMP_SAN_01,P10,50,25% OFF,18,16
STHYD-1,CAMP_DIW_01,P05,55,25% OFF,110,96
STHYD-0,CAMP_DIW_01,P11,190,50% OFF,68,104
STCBE-0,CAMP_SAN_01,P05,55,25% OFF,21,19
STMLR-1,CAMP_SAN_01,P15,3000,500 Cashback,58,128
STBLR-3,CAMP_DIW_01,P09,110,50% OFF,66,85
STMYS-2,CAMP_SAN_01,P04,370,BOGOF,240,636
STHYD-0,CAMP_SAN_01,P01,172,33% OFF,250,382
STVJD-0,CAMP_SAN_01,P13,350,BOGOF,60,234
STMYS-0,CAMP_SAN_01,P07,300,BOGOF,46,120
STMYS-2,CAMP_DIW_01,P11,190,50% OFF,70,93
STMLR-1,CAMP_SAN_01,P04,370,BOGOF,220,886
STTRV-1,CAMP_DIW_01,P08,1190,BOGOF,28,92
STBLR-1,CAMP_DIW_01,P15,3000,500 Cashback,369,1007
STHYD-1,CAMP_DIW_01,P07,300,BOGOF,59,176
STVSK-2,CAMP_DIW_01,P12,62,50% OFF,80,124
STTRV-1,CAMP_DIW_01,P11,190,50% OFF,33,43
STMDU-2,CAMP_SAN_01,P09,90,25% OFF,49,39
STMYS-3,CAMP_SAN_01,P06,415,25% OFF,28,23
STBLR-1,CAMP_DIW_01,P03,156,25% OFF,385,369
STCHE-6,CAMP_SAN_01,P06,415,25% OFF,40,28
STMLR-0,CAMP_SAN_01,P02,860,33% OFF,243,332
STMLR-2,CAMP_DIW_01,P05,55,25% OFF,47,40
STBLR-7,CAMP_DIW_01,P11,190,50% OFF,84,131
STBLR-8,CAMP_DIW_01,P07,300,BOGOF,63,221
STMDU-1,CAMP_DIW_01,P03,156,25% OFF,281,244
STBLR-4,CAMP_SAN_01,P11,190,50% OFF,43,59
STCHE-0,CAMP_SAN_01,P01,172,33% OFF,237,341
STMDU-3,CAMP_SAN_01,P05,55,25% OFF,16,12
STCBE-1,CAMP_DIW_01,P12,62,50% OFF,98,109
STTRV-1,CAMP_DIW_01,P04,290,25% OFF,169,160
STMYS-2,CAMP_SAN_01,P12,62,50% OFF,61,87
STCBE-0,CAMP_DIW_01,P11,190,50% OFF,36,56
STVSK-2,CAMP_SAN_01,P14,1020,BOGOF,64,250
STBLR-8,CAMP_DIW_01,P04,290,25% OFF,323,251
STMYS-2,CAMP_SAN_01,P15,3000,500 Cashback,118,208
STVSK-3,CAMP_DIW_01,P04,290,25% OFF,236,210
STCHE-4,CAMP_DIW_01,P12,62,50% OFF,126,168
STCBE-2,CAMP_DIW_01,P07,300,BOGOF,42,166
STCHE-0,CAMP_DIW_01,P03,156,25% OFF,323,293
STVJD-0,CAMP_DIW_01,P11,190,50% OFF,42,55
STCHE-0,CAMP_SAN_01,P13,350,BOGOF,117,457
STCHE-7,CAMP_DIW_01,P14,1020,BOGOF,50,202
STVSK-3,CAMP_DIW_01,P09,110,50% OFF,50,58
STCHE-7,CAMP_SAN_01,P05,55,25% OFF,28,26
STVJD-1,CAMP_SAN_01,P13,350,BOGOF,73,286
STBLR-8,CAMP_DIW_01,P14,1020,BOGOF,52,178
STBLR-7,CAMP_SAN_01,P05,55,25% OFF,24,20
STVSK-0,CAMP_DIW_01,P02,860,33% OFF,301,526
STHYD-6,CAMP_SAN_01,P14,1020,BOGOF,100,396
STMYS-3,CAMP_DIW_01,P05,55,25% OFF,94,84
STBLR-0,CAMP_SAN_01,P08,1190,BOGOF,37,156
STBLR-5,CAMP_SAN_01,P06,415,25% OFF,34,27
STHYD-2,CAMP_DIW_01,P01,172,33% OFF,281,435
STHYD-0,CAMP_DIW_01,P01,172,33% OFF,316,521
STBLR-2,CAMP_DIW_01,P03,156,25% OFF,378,343
STBLR-3,CAMP_DIW_01,P02,860,33% OFF,381,563
STCHE-4,CAMP_SAN_01,P06,415,25% OFF,27,22
STBLR-5,CAMP_SAN_01,P05,55,25% OFF,25,21
STMDU-3,CAMP_DIW_01,P12,62,50% OFF,87,93
STCHE-0,CAMP_SAN_01,P06,415,25% OFF,31,26
STCHE-2,CAMP_SAN_01,P12,62,50% OFF,67,74
STVSK-1,CAMP_DIW_01,P11,190,50% OFF,43,58
STBLR-5,CAMP_DIW_01,P12,62,50% OFF,141,179
STMYS-3,CAMP_DIW_01,P02,860,33% OFF,322,386
STCHE-2,CAMP_DIW_01,P09,110,50% OFF,85,90
STVSK-4,CAMP_SAN_01,P06,415,25% OFF,22,15
STMDU-0,CAMP_DIW_01,P13,350,BOGOF,61,237
STBLR-9,CAMP_SAN_01,P03,200,BOGOF,309,1226
STVSK-3,CAMP_DIW_01,P12,62,50% OFF,105,115
STCHE-3,CAMP_DIW_01,P08,1190,BOGOF,47,186
STCHE-7,CAMP_SAN_01,P10,50,25% OFF,30,28
STCBE-2,CAMP_SAN_01,P07,300,BOGOF,30,123
STMDU-1,CAMP_DIW_01,P13,350,BOGOF,47,163
STMDU-2,CAMP_DIW_01,P02,860,33% OFF,301,385
STHYD-0,CAMP_SAN_01,P09,90,25% OFF,54,44
STBLR-9,CAMP_SAN_01,P15,3000,500 Cashback,118,251
STVSK-0,CAMP_SAN_01,P01,172,33% OFF,211,322
STMDU-2,CAMP_DIW_01,P09,110,50% OFF,47,54
STMLR-0,CAMP_SAN_01,P15,3000,500 Cashback,54,89
STBLR-9,CAMP_SAN_01,P06,415,25% OFF,43,40
STCHE-1,CAMP_DIW_01,P12,62,50% OFF,108,124
STHYD-3,CAMP_SAN_01,P01,172,33% OFF,312,483
STMDU-2,CAMP_DIW_01,P13,350,BOGOF,45,148
STCBE-3,CAMP_DIW_01,P15,3000,500 Cashback,243,724
STBLR-4,CAMP_SAN_01,P15,3000,500 Cashback,109,249
STCHE-3,CAMP_SAN_01,P03,200,BOGOF,384,1678
STCHE-0,CAMP_SAN_01,P02,860,33% OFF,424,580
STBLR-8,CAMP_SAN_01,P15,3000,500 Cashback,126,278
STBLR-0,CAMP_SAN_01,P13,350,BOGOF,129,528
STCBE-4,CAMP_SAN_01,P09,90,25% OFF,46,38
STCHE-7,CAMP_DIW_01,P15,3000,500 Cashback,393,1375
STHYD-1,CAMP_SAN_01,P11,190,50% OFF,37,41
STMYS-0,CAMP_DIW_01,P13,350,BOGOF,56,168
STHYD-2,CAMP_DIW_01,P07,300,BOGOF,64,211
STCBE-2,CAMP_SAN_01,P01,172,33% OFF,196,307
STCBE-0,CAMP_SAN_01,P02,860,33% OFF,399,586
STVJD-0,CAMP_SAN_01,P10,50,25% OFF,18,16
STCBE-4,CAMP_SAN_01,P02,860,33% OFF,396,558
STCHE-0,CAMP_DIW_01,P10,65,50% OFF,126,167
STBLR-1,CAMP_SAN_01,P10,50,25% OFF,28,24
STTRV-1,CAMP_SAN_01,P10,50,25% OFF,15,14
STCHE-5,CAMP_DIW_01,P11,190,50% OFF,78,92
STMDU-1,CAMP_SAN_01,P14,1020,BOGOF,63,244
STBLR-2,CAMP_SAN_01,P03,200,BOGOF,307,1200
STVSK-1,CAMP_SAN_01,P07,300,BOGOF,27,107
STMYS-3,CAMP_DIW_01,P03,156,25% OFF,378,332
STBLR-0,CAMP_DIW_01,P05,55,25% OFF,133,114
STCHE-7,CAMP_DIW_01,P01,172,33% OFF,346,505
STCHE-0,CAMP_DIW_01,P13,350,BOGOF,61,203
STHYD-4,CAMP_SAN_01,P07,300,BOGOF,58,225
STCHE-5,CAMP_DIW_01,P01,172,33% OFF,334,424
STCHE-2,CAMP_SAN_01,P13,350,BOGOF,105,423
STCHE-0,CAMP_DIW_01,P12,62,50% OFF,115,154
STMDU-2,CAMP_SAN_01,P13,350,BOGOF,96,377
STCHE-2,CAMP_SAN_01,P15,3000,500 Cashback,117,251
STCBE-1,CAMP_DIW_01,P02,860,33% OFF,244,312
STVJD-1,CAMP_DIW_01,P15,3000,500 Cashback,224,685
STVJD-0,CAMP_SAN_01,P05,55,25% OFF,16,14
STBLR-7,CAMP_SAN_01,P14,1020,BOGOF,124,514
STTRV-1,CAMP_SAN_01,P02,860,33% OFF,231,314
STBLR-2,CAMP_SAN_01,P01,172,33% OFF,304,428
STMLR-1,CAMP_DIW_01,P02,860,33% OFF,166,252
STHYD-5,CAMP_SAN_01,P01,172,33% OFF,336,467
STCHE-4,CAMP_SAN_01,P14,1020,BOGOF,111,473
STHYD-1,CAMP_DIW_01,P13,350,BOGOF,91,281
STMYS-0,CAMP_DIW_01,P02,860,33% OFF,465,674
STCHE-1,CAMP_SAN_01,P02,860,33% OFF,468,599
STCHE-3,CAMP_SAN_01,P01,172,33% OFF,310,421
STMYS-0,CAMP_DIW_01,P05,55,25% OFF,73,65
STCHE-7,CAMP_SAN_01,P13,350,BOGOF,106,454
STBLR-2,CAMP_DIW_01,P02,860,33% OFF,390,585
STCBE-2,CAMP_SAN_01,P09,90,25% OFF,42,34
STBLR-6,CAMP_SAN_01,P06,415,25% OFF,33,28
STMYS-2,CAMP_DIW_01,P07,300,BOGOF,73,215
STVSK-1,CAMP_SAN_01,P05,55,25% OFF,19,14
STBLR-3,CAMP_SAN_01,P11,190,50% OFF,43,62
STHYD-3,CAMP_SAN_01,P09,90,25% OFF,49,37
STTRV-1,CAMP_DIW_01,P14,1020,BOGOF,19,66
STCHE-6,CAMP_DIW_01,P04,290,25% OFF,346,269
STMDU-0,CAMP_SAN_01,P05,55,25% OFF,15,12
STMDU-3,CAMP_DIW_01,P11,190,50% OFF,66,71
STMDU-1,CAMP_SAN_01,P13,350,BOGOF,73,287
STBLR-9,CAMP_SAN_01,P04,370,BOGOF,387,1509
STBLR-3,CAMP_DIW_01,P10,65,50% OFF,108,145
STVSK-4,CAMP_DIW_01,P10,65,50% OFF,80,109
STBLR-6,CAMP_SAN_01,P09,90,25% OFF,63,51
STCBE-3,CAMP_SAN_01,P14,1020,BOGOF,75,297
STVSK-1,CAMP_SAN_01,P15,3000,500 Cashback,88,186
STVSK-3,CAMP_DIW_01,P11,190,50% OFF,52,57
STVJD-1,CAMP_DIW_01,P07,300,BOGOF,33,109
STBLR-9,CAMP_SAN_01,P13,350,BOGOF,114,457
STCHE-2,CAMP_DIW_01,P10,65,50% OFF,124,135
STMYS-0,CAMP_SAN_01,P11,190,50% OFF,46,63
STMLR-0,CAMP_SAN_01,P09,90,25% OFF,34,28
STVJD-0,CAMP_SAN_01,P01,172,33% OFF,186,252
STCHE-3,CAMP_SAN_01,P07,300,BOGOF,37,155
STMDU-2,CAMP_DIW_01,P08,1190,BOGOF,40,133
STBLR-3,CAMP_DIW_01,P11,190,50% OFF,71,90
STMYS-3,CAMP_DIW_01,P11,190,50% OFF,71,76
STBLR-4,CAMP_DIW_01,P12,62,50% OFF,141,180
STBLR-3,CAMP_DIW_01,P13,350,BOGOF,87,298
STBLR-2,CAMP_SAN_01,P10,50,25% OFF,37,31
STHYD-3,CAMP_DIW_01,P14,1020,BOGOF,38,119
STMYS-2,CAMP_DIW_01,P01,172,33% OFF,295,454
STCHE-2,CAMP_DIW_01,P03,156,25% OFF,355,347
STCHE-7,CAMP_DIW_01,P12,62,50% OFF,171,222
STCHE-4,CAMP_DIW_01,P14,1020,BOGOF,56,224
STVSK-1,CAMP_SAN_01,P13,350,BOGOF,124,500
STCHE-5,CAMP_DIW_01,P14,1020,BOGOF,54,184
STVSK-0,CAMP_DIW_01,P14,1020,BOGOF,29,97
STHYD-2,CAMP_SAN_01,P11,190,50% OFF,45,62
STCBE-0,CAMP_DIW_01,P10,65,50% OFF,80,124
STCHE-1,CAMP_SAN_01,P07,300,BOGOF,31,79
STVJD-0,CAMP_SAN_01,P02,860,33% OFF,298,420
STHYD-0,CAMP_DIW_01,P10,65,50% OFF,112,170
STHYD-2,CAMP_SAN_01,P04,370,BOGOF,415,1672
STVSK-2,CAMP_SAN_01,P12,62,50% OFF,28,43
STBLR-6,CAMP_SAN_01,P08,1190,BOGOF,69,303
STBLR-2,CAMP_SAN_01,P06,415,25% OFF,40,33
STVSK-1,CAMP_DIW_01,P14,1020,BOGOF,26,91
STBLR-7,CAMP_DIW_01,P01,172,33% OFF,341,606
STVSK-3,CAMP_DIW_01,P08,1190,BOGOF,45,138
STBLR-2,CAMP_DIW_01,P13,350,BOGOF,78,274
STVSK-4,CAMP_DIW_01,P03,156,25% OFF,301,237
STMYS-0,CAMP_SAN_01,P10,50,25% OFF,30,24
STCBE-2,CAMP_SAN_01,P03,200,BOGOF,304,1340
STHYD-1,CAMP_DIW_01,P15,3000,500 Cashback,362,959
STVJD-1,CAMP_SAN_01,P14,1020,BOGOF,61,243
STCBE-4,CAMP_DIW_01,P09,110,50% OFF,54,68
STBLR-2,CAMP_DIW_01,P08,1190,BOGOF,40,135
STCHE-2,CAMP_DIW_01,P01,172,33% OFF,320,416
STMYS-3,CAMP_SAN_01,P13,350,BOGOF,124,527
STVSK-1,CAMP_SAN_01,P03,200,BOGOF,322,1291
STBLR-0,CAMP_DIW_01,P12,62,50% OFF,147,198
STCHE-3,CAMP_SAN_01,P09,90,25% OFF,60,49
STHYD-0,CAMP_DIW_01,P04,290,25% OFF,367,330
STCBE-0,CAMP_SAN_01,P12,62,50% OFF,39,61
STMDU-0,CAMP_DIW_01,P12,62,50% OFF,103,131
STCHE-0,CAMP_SAN_01,P11,190,50% OFF,49,71
STMDU-1,CAMP_SAN_01,P09,90,25% OFF,45,36
STMLR-1,CAMP_SAN_01,P09,90,25% OFF,28,22
STTRV-0,CAMP_SAN_01,P11,190,50% OFF,22,30
STHYD-5,CAMP_DIW_01,P08,1190,BOGOF,43,147
STCBE-2,CAMP_DIW_01,P09,110,50% OFF,50,80
STBLR-6,CAMP_DIW_01,P15,3000,500 Cashback,390,1318
STMDU-3,CAMP_SAN_01,P10,50,25% OFF,25,20
STBLR-4,CAMP_DIW_01,P15,3000,500 Cashback,407,1245
STHYD-6,CAMP_SAN_01,P12,62,50% OFF,67,93
STMYS-0,CAMP_SAN_01,P09,90,25% OFF,67,56
STCHE-6,CAMP_DIW_01,P02,860,33% OFF,434,629
STBLR-1,CAMP_DIW_01,P07,300,BOGOF,61,189
STCHE-2,CAMP_DIW_01,P15,3000,500 Cashback,369,1073
STCHE-4,CAMP_DIW_01,P03,156,25% OFF,369,332
STVSK-4,CAMP_SAN_01,P09,90,25% OFF,34,25
STVJD-1,CAMP_SAN_01,P09,90,25% OFF,37,26
STVSK-0,CAMP_SAN_01,P06,415,25% OFF,16,13
STVSK-2,CAMP_DIW_01,P01,172,33% OFF,210,367
STMLR-1,CAMP_SAN_01,P14,1020,BOGOF,51,198
STCHE-7,CAMP_SAN_01,P07,300,BOGOF,42,183
STTRV-0,CAMP_DIW_01,P03,156,25% OFF,187,181
STBLR-3,CAMP_DIW_01,P06,415,25% OFF,91,72
STMLR-0,CAMP_DIW_01,P13,350,BOGOF,40,119
STCHE-3,CAMP_DIW_01,P06,415,25% OFF,77,67
STHYD-0,CAMP_DIW_01,P06,415,25% OFF,78,68
STMLR-2,CAMP_SAN_01,P05,55,25% OFF,15,12
STCHE-3,CAMP_SAN_01,P06,415,25% OFF,28,23
STBLR-7,CAMP_SAN_01,P04,370,BOGOF,382,1638
STCHE-6,CAMP_SAN_01,P10,50,25% OFF,31,22
STCBE-1,CAMP_DIW_01,P04,290,25% OFF,227,172
STVSK-3,CAMP_DIW_01,P05,55,25% OFF,71,63
STBLR-1,CAMP_DIW_01,P14,1020,BOGOF,54,169
STMDU-0,CAMP_DIW_01,P05,55,25% OFF,57,50
STBLR-1,CAMP_SAN_01,P07,300,BOGOF,46,115
STVSK-4,CAMP_SAN_01,P08,1190,BOGOF,25,64
STVJD-1,CAMP_SAN_01,P06,415,25% OFF,16,11
STVSK-1,CAMP_DIW_01,P09,110,50% OFF,64,81
STCBE-1,CAMP_SAN_01,P09,90,25% OFF,54,39
STCHE-4,CAMP_SAN_01,P10,50,25% OFF,30,25
STMYS-2,CAMP_DIW_01,P09,110,50% OFF,64,84
STHYD-0,CAMP_SAN_01,P07,300,BOGOF,52,204
STBLR-3,CAMP_DIW_01,P14,1020,BOGOF,42,143
STMLR-2,CAMP_DIW_01,P06,415,25% OFF,40,34
STCHE-5,CAMP_SAN_01,P08,1190,BOGOF,64,256
STVSK-2,CAMP_DIW_01,P04,290,25% OFF,244,217
STHYD-6,CAMP_SAN_01,P08,1190,BOGOF,43,166
STHYD-2,CAMP_DIW_01,P15,3000,500 Cashback,400,1176
STMYS-0,CAMP_DIW_01,P11,190,50% OFF,89,113
STHYD-6,CAMP_DIW_01,P13,350,BOGOF,77,260
STMDU-0,CAMP_SAN_01,P14,1020,BOGOF,79,349
STMLR-1,CAMP_DIW_01,P09,110,50% OFF,38,50
STCBE-1,CAMP_DIW_01,P05,55,25% OFF,61,50
STTRV-0,CAMP_SAN_01,P04,370,BOGOF,187,733
STCBE-1,CAMP_DIW_01,P08,1190,BOGOF,40,140
STHYD-6,CAMP_DIW_01,P04,290,25% OFF,390,339
STTRV-0,CAMP_DIW_01,P15,3000,500 Cashback,190,547
STCBE-3,CAMP_SAN_01,P10,50,25% OFF,28,22
STBLR-4,CAMP_DIW_01,P09,110,50% OFF,89,116
STMYS-2,CAMP_DIW_01,P08,1190,BOGOF,42,123
STBLR-4,CAMP_SAN_01,P01,172,33% OFF,286,394
STMDU-3,CAMP_SAN_01,P03,200,BOGOF,273,1097
STMDU-0,CAMP_SAN_01,P12,62,50% OFF,46,66
STCHE-6,CAMP_SAN_01,P02,860,33% OFF,463,629
STVSK-2,CAMP_SAN_01,P05,55,25% OFF,15,12
STHYD-1,CAMP_SAN_01,P05,55,25% OFF,25,21
STCHE-1,CAMP_SAN_01,P15,3000,500 Cashback,136,242
STCHE-2,CAMP_SAN_01,P10,50,25% OFF,34,30
STHYD-4,CAMP_DIW_01,P15,3000,500 Cashback,323,965
STMDU-1,CAMP_DIW_01,P10,65,50% OFF,94,120
STMDU-3,CAMP_SAN_01,P15,3000,500 Cashback,120,274
STHYD-4,CAMP_DIW_01,P06,415,25% OFF,96,92
STCBE-3,CAMP_SAN_01,P11,190,50% OFF,33,50
STBLR-7,CAMP_DIW_01,P13,350,BOGOF,85,338
STCHE-4,CAMP_DIW_01,P06,415,25% OFF,91,80
STMYS-0,CAMP_DIW_01,P07,300,BOGOF,61,189
STHYD-5,CAMP_DIW_01,P02,860,33% OFF,386,594
STCHE-4,CAMP_SAN_01,P04,370,BOGOF,379,1603
STCHE-3,CAMP_DIW_01,P12,62,50% OFF,103,129
STBLR-9,CAMP_SAN_01,P01,172,33% OFF,319,449
STHYD-1,CAMP_SAN_01,P01,172,33% OFF,312,393
STBLR-4,CAMP_SAN_01,P05,55,25% OFF,19,15
STBLR-8,CAMP_SAN_01,P10,50,25% OFF,36,26
STMDU-2,CAMP_DIW_01,P07,300,BOGOF,43,147
STCHE-4,CAMP_SAN_01,P01,172,33% OFF,235,329
STBLR-7,CAMP_SAN_01,P03,200,BOGOF,433,1883
STCBE-0,CAMP_SAN_01,P08,1190,BOGOF,42,167
STCHE-0,CAMP_DIW_01,P05,55,25% OFF,119,107
STVSK-3,CAMP_DIW_01,P13,350,BOGOF,57,178
STMYS-1,CAMP_SAN_01,P02,860,33% OFF,595,886
STBLR-2,CAMP_DIW_01,P11,190,50% OFF,101,131
STVJD-0,CAMP_DIW_01,P04,290,25% OFF,192,188
STBLR-8,CAMP_DIW_01,P06,415,25% OFF,78,62
STHYD-0,CAMP_SAN_01,P03,200,BOGOF,363,1408
STVSK-2,CAMP_SAN_01,P03,200,BOGOF,192,754
STMLR-1,CAMP_SAN_01,P02,860,33% OFF,237,327
STCBE-4,CAMP_SAN_01,P14,1020,BOGOF,93,234
STMYS-0,CAMP_SAN_01,P15,3000,500 Cashback,105,173
STBLR-9,CAMP_DIW_01,P15,3000,500 Cashback,358,1070
STVSK-1,CAMP_DIW_01,P12,62,50% OFF,91,113
STCBE-1,CAMP_SAN_01,P06,415,25% OFF,21,15
STHYD-5,CAMP_DIW_01,P14,1020,BOGOF,54,183
STHYD-0,CAMP_DIW_01,P09,110,50% OFF,77,113
STMDU-3,CAMP_DIW_01,P07,300,BOGOF,47,162
STCHE-7,CAMP_DIW_01,P02,860,33% OFF,336,507
STCHE-7,CAMP_DIW_01,P07,300,BOGOF,71,282
STMYS-3,CAMP_DIW_01,P15,3000,500 Cashback,416,1472
STVJD-0,CAMP_DIW_01,P14,1020,BOGOF,28,92
STMLR-1,CAMP_SAN_01,P05,55,25% OFF,13,10
STHYD-6,CAMP_SAN_01,P02,860,33% OFF,454,644
STHYD-4,CAMP_SAN_01,P15,3000,500 Cashback,118,253
STBLR-6,CAMP_SAN_01,P04,370,BOGOF,402,1652
STHYD-1,CAMP_SAN_01,P07,300,BOGOF,51,140
STHYD-5,CAMP_SAN_01,P11,190,50% OFF,54,76
STHYD-6,CAMP_DIW_01,P12,62,50% OFF,133,167
STMDU-1,CAMP_SAN_01,P12,62,50% OFF,36,49
STBLR-7,CAMP_SAN_01,P07,300,BOGOF,40,165
STCHE-5,CAMP_DIW_01,P15,3000,500 Cashback,388,1187
STHYD-2,CAMP_DIW_01,P09,110,50% OFF,80,107
STMYS-0,CAMP_SAN_01,P14,1020,BOGOF,84,219
STBLR-7,CAMP_DIW_01,P14,1020,BOGOF,47,189
STMDU-1,CAMP_SAN_01,P07,300,BOGOF,40,154
STMYS-0,CAMP_SAN_01,P03,200,BOGOF,333,869
STCHE-6,CAMP_SAN_01,P11,190,50% OFF,57,79
STCHE-2,CAMP_DIW_01,P11,190,50% OFF,73,84
STHYD-6,CAMP_SAN_01,P06,415,25% OFF,34,27
STVSK-0,CAMP_SAN_01,P11,190,50% OFF,31,46
STCBE-0,CAMP_SAN_01,P14,1020,BOGOF,69,274
STVSK-3,CAMP_SAN_01,P01,172,33% OFF,222,275
STBLR-7,CAMP_DIW_01,P03,156,25% OFF,343,301
STBLR-0,CAMP_SAN_01,P01,172,33% OFF,273,382
STBLR-3,CAMP_SAN_01,P03,200,BOGOF,454,1788
STCHE-2,CAMP_DIW_01,P14,1020,BOGOF,57,189
STCHE-3,CAMP_DIW_01,P07,300,BOGOF,64,257
STHYD-6,CAMP_DIW_01,P09,110,50% OFF,78,102
STCBE-4,CAMP_DIW_01,P10,65,50% OFF,57,72
STBLR-6,CAMP_SAN_01,P14,1020,BOGOF,103,444
STBLR-5,CAMP_DIW_01,P15,3000,500 Cashback,379,1095
STCBE-2,CAMP_DIW_01,P05,55,25% OFF,99,86
STCBE-1,CAMP_SAN_01,P04,370,BOGOF,370,1439
STBLR-4,CAMP_SAN_01,P03,200,BOGOF,415,1622
STMDU-1,CAMP_DIW_01,P09,110,50% OFF,47,62
STCHE-6,CAMP_DIW_01,P15,3000,500 Cashback,432,1291
STVSK-2,CAMP_DIW_01,P09,110,50% OFF,64,98
STCBE-3,CAMP_DIW_01,P14,1020,BOGOF,22,73
STVJD-0,CAMP_DIW_01,P13,350,BOGOF,45,157
STMYS-2,CAMP_DIW_01,P04,290,25% OFF,343,312
STMYS-0,CAMP_SAN_01,P05,55,25% OFF,28,22
STBLR-4,CAMP_DIW_01,P06,415,25% OFF,101,90
STCBE-0,CAMP_SAN_01,P03,200,BOGOF,384,1509
STBLR-3,CAMP_SAN_01,P06,415,25% OFF,22,16
STHYD-4,CAMP_DIW_01,P10,65,50% OFF,148,196
STVSK-2,CAMP_SAN_01,P04,370,BOGOF,408,1607
STHYD-5,CAMP_SAN_01,P15,3000,500 Cashback,122,272
STCBE-2,CAMP_SAN_01,P02,860,33% OFF,508,751
STMDU-1,CAMP_SAN_01,P01,172,33% OFF,244,334
STCHE-2,CAMP_DIW_01,P04,290,25% OFF,295,289
STBLR-6,CAMP_DIW_01,P14,1020,BOGOF,47,179
STTRV-1,CAMP_DIW_01,P02,860,33% OFF,199,300
STCHE-4,CAMP_SAN_01,P11,190,50% OFF,45,64
STCBE-2,CAMP_DIW_01,P03,156,25% OFF,225,195
STBLR-1,CAMP_DIW_01,P10,65,50% OFF,106,137
STBLR-7,CAMP_SAN_01,P12,62,50% OFF,58,92
STCHE-2,CAMP_SAN_01,P05,55,25% OFF,25,23
STVJD-1,CAMP_SAN_01,P12,62,50% OFF,30,42
STBLR-5,CAMP_SAN_01,P02,860,33% OFF,507,704
STMYS-3,CAMP_SAN_01,P04,370,BOGOF,336,1434
STBLR-1,CAMP_DIW_01,P11,190,50% OFF,70,93
STCHE-1,CAMP_SAN_01,P11,190,50% OFF,48,55
STTRV-0,CAMP_DIW_01,P04,290,25% OFF,180,171
STMDU-2,CAMP_DIW_01,P01,172,33% OFF,225,279
STCHE-2,CAMP_DIW_01,P08,1190,BOGOF,47,165
STBLR-1,CAMP_SAN_01,P03,200,BOGOF,361,963
STVSK-4,CAMP_SAN_01,P04,370,BOGOF,291,762
STMDU-2,CAMP_DIW_01,P04,290,25% OFF,271,243
STBLR-1,CAMP_SAN_01,P12,62,50% OFF,73,102
STMLR-2,CAMP_DIW_01,P07,300,BOGOF,33,115
STTRV-1,CAMP_SAN_01,P08,1190,BOGOF,24,92
STHYD-4,CAMP_SAN_01,P05,55,25% OFF,16,15
STVJD-1,CAMP_SAN_01,P07,300,BOGOF,22,88
STBLR-0,CAMP_SAN_01,P06,415,25% OFF,31,26
STTRV-1,CAMP_DIW_01,P10,65,50% OFF,64,80
STHYD-4,CAMP_DIW_01,P12,62,50% OFF,110,146
STMLR-2,CAMP_DIW_01,P08,1190,BOGOF,22,73
STMDU-0,CAMP_DIW_01,P02,860,33% OFF,278,430
STHYD-1,CAMP_DIW_01,P10,65,50% OFF,134,156
STCHE-0,CAMP_SAN_01,P10,50,25% OFF,25,20
STHYD-2,CAMP_SAN_01,P13,350,BOGOF,114,441
STBLR-2,CAMP_DIW_01,P01,172,33% OFF,358,529
STBLR-8,CAMP_DIW_01,P12,62,50% OFF,120,159
STMDU-3,CAMP_SAN_01,P14,1020,BOGOF,87,347
STVSK-3,CAMP_SAN_01,P02,860,33% OFF,345,438
STMYS-1,CAMP_DIW_01,P13,350,BOGOF,70,270
STCHE-1,CAMP_DIW_01,P11,190,50% OFF,77,83
STCHE-4,CAMP_DIW_01,P11,190,50% OFF,91,123
STVSK-1,CAMP_DIW_01,P07,300,BOGOF,49,170
STVSK-0,CAMP_DIW_01,P01,172,33% OFF,161,265
STHYD-4,CAMP_SAN_01,P09,90,25% OFF,54,49
STVSK-2,CAMP_DIW_01,P07,300,BOGOF,45,150
STTRV-0,CAMP_DIW_01,P08,1190,BOGOF,31,102
STMLR-1,CAMP_SAN_01,P01,172,33% OFF,126,175
STVSK-1,CAMP_SAN_01,P10,50,25% OFF,25,18
STBLR-6,CAMP_SAN_01,P10,50,25% OFF,37,30
STCHE-7,CAMP_DIW_01,P06,415,25% OFF,82,79
STVJD-0,CAMP_DIW_01,P01,172,33% OFF,161,231
STCHE-1,CAMP_DIW_01,P03,156,25% OFF,357,317
STHYD-2,CAMP_DIW_01,P12,62,50% OFF,129,165
STMDU-3,CAMP_SAN_01,P13,350,BOGOF,118,464
STMDU-3,CAMP_SAN_01,P06,415,25% OFF,25,20
STHYD-3,CAMP_DIW_01,P03,156,25% OFF,285,222
STCHE-5,CAMP_SAN_01,P05,55,25% OFF,31,26
STVSK-1,CAMP_SAN_01,P01,172,33% OFF,213,302
STHYD-0,CAMP_SAN_01,P05,55,25% OFF,18,14
STTRV-0,CAMP_SAN_01,P06,415,25% OFF,13,11
STMLR-0,CAMP_SAN_01,P11,190,50% OFF,27,39
STMYS-3,CAMP_DIW_01,P14,1020,BOGOF,54,206
STBLR-9,CAMP_SAN_01,P05,55,25% OFF,27,25
STCBE-2,CAMP_DIW_01,P04,290,25% OFF,252,221
STMDU-1,CAMP_DIW_01,P11,190,50% OFF,52,65
STMDU-2,CAMP_SAN_01,P04,370,BOGOF,361,1397
STMYS-2,CAMP_DIW_01,P03,156,25% OFF,444,395
STBLR-9,CAMP_SAN_01,P08,1190,BOGOF,63,254
STVSK-4,CAMP_DIW_01,P06,415,25% OFF,70,53
STCHE-1,CAMP_DIW_01,P13,350,BOGOF,68,205
STTRV-0,CAMP_SAN_01,P13,350,BOGOF,60,240
STCHE-7,CAMP_SAN_01,P15,3000,500 Cashback,115,332
STMYS-1,CAMP_SAN_01,P08,1190,BOGOF,54,238
STCBE-1,CAMP_DIW_01,P13,350,BOGOF,40,132
STVJD-1,CAMP_SAN_01,P04,370,BOGOF,183,708
STVSK-2,CAMP_DIW_01,P08,1190,BOGOF,38,129
STMDU-0,CAMP_SAN_01,P03,200,BOGOF,307,1277
STVSK-4,CAMP_DIW_01,P12,62,50% OFF,98,133
STCBE-3,CAMP_SAN_01,P09,90,25% OFF,40,32
STTRV-0,CAMP_SAN_01,P12,62,50% OFF,22,30
STMLR-1,CAMP_DIW_01,P04,290,25% OFF,152,133
STBLR-5,CAMP_DIW_01,P03,156,25% OFF,369,332
STMYS-1,CAMP_SAN_01,P05,55,25% OFF,19,14
STBLR-8,CAMP_DIW_01,P05,55,25% OFF,105,82
STBLR-6,CAMP_DIW_01,P01,172,33% OFF,283,492
STBLR-8,CAMP_DIW_01,P02,860,33% OFF,392,568
STCBE-3,CAMP_DIW_01,P05,55,25% OFF,64,55
STHYD-0,CAMP_DIW_01,P12,62,50% OFF,133,195
STMYS-1,CAMP_DIW_01,P05,55,25% OFF,89,71
STBLR-0,CAMP_SAN_01,P03,200,BOGOF,415,1759
STCBE-0,CAMP_DIW_01,P14,1020,BOGOF,29,101
STCBE-3,CAMP_SAN_01,P02,860,33% OFF,336,534
STTRV-1,CAMP_DIW_01,P15,3000,500 Cashback,168,514
STMYS-3,CAMP_SAN_01,P07,300,BOGOF,30,129
STHYD-0,CAMP_DIW_01,P05,55,25% OFF,98,88
STCBE-3,CAMP_DIW_01,P13,350,BOGOF,61,201
STMYS-1,CAMP_DIW_01,P12,62,50% OFF,127,185
STBLR-0,CAMP_DIW_01,P15,3000,500 Cashback,434,1514
STBLR-3,CAMP_SAN_01,P05,55,25% OFF,25,18
STBLR-2,CAMP_SAN_01,P04,370,BOGOF,373,1439
STMYS-2,CAMP_DIW_01,P10,65,50% OFF,134,182
STBLR-4,CAMP_DIW_01,P03,156,25% OFF,306,275
STHYD-4,CAMP_SAN_01,P10,50,25% OFF,33,31
STMYS-3,CAMP_SAN_01,P09,90,25% OFF,54,45
STBLR-3,CAMP_DIW_01,P15,3000,500 Cashback,442,1365
STVJD-0,CAMP_DIW_01,P06,415,25% OFF,52,50
STHYD-0,CAMP_SAN_01,P10,50,25% OFF,25,20
STMYS-2,CAMP_SAN_01,P08,1190,BOGOF,61,163
STHYD-2,CAMP_DIW_01,P10,65,50% OFF,140,186
STMDU-1,CAMP_DIW_01,P02,860,33% OFF,308,455
STMDU-3,CAMP_DIW_01,P09,110,50% OFF,57,61
STMYS-1,CAMP_DIW_01,P06,415,25% OFF,101,79
STBLR-5,CAMP_DIW_01,P07,300,BOGOF,66,227
STVSK-3,CAMP_DIW_01,P02,860,33% OFF,274,334
STHYD-3,CAMP_SAN_01,P13,350,BOGOF,133,337
STVJD-0,CAMP_SAN_01,P12,62,50% OFF,31,43
STCHE-0,CAMP_DIW_01,P02,860,33% OFF,308,452
STVSK-4,CAMP_DIW_01,P08,1190,BOGOF,50,152
STBLR-5,CAMP_SAN_01,P11,190,50% OFF,43,63
STHYD-6,CAMP_SAN_01,P05,55,25% OFF,33,27
STHYD-0,CAMP_SAN_01,P06,415,25% OFF,42,34
STTRV-0,CAMP_SAN_01,P09,90,25% OFF,31,28
STMDU-0,CAMP_SAN_01,P01,172,33% OFF,219,304
STHYD-0,CAMP_SAN_01,P13,350,BOGOF,132,520
STVSK-2,CAMP_DIW_01,P06,415,25% OFF,78,69
STHYD-2,CAMP_SAN_01,P14,1020,BOGOF,118,459
STHYD-6,CAMP_SAN_01,P10,50,25% OFF,31,26
STCHE-7,CAMP_SAN_01,P14,1020,BOGOF,111,493
STBLR-2,CAMP_DIW_01,P05,55,25% OFF,115,101
STMYS-0,CAMP_SAN_01,P04,370,BOGOF,418,1116
STMYS-0,CAMP_DIW_01,P12,62,50% OFF,98,128
STCBE-1,CAMP_SAN_01,P14,1020,BOGOF,78,310
STMYS-1,CAMP_SAN_01,P04,370,BOGOF,450,1984
STCHE-3,CAMP_DIW_01,P13,350,BOGOF,82,328
STCHE-1,CAMP_DIW_01,P10,65,50% OFF,127,133
STBLR-0,CAMP_DIW_01,P02,860,33% OFF,362,535
STMYS-0,CAMP_DIW_01,P01,172,33% OFF,301,433
STMYS-1,CAMP_DIW_01,P07,300,BOGOF,54,219
STCBE-3,CAMP_SAN_01,P01,172,33% OFF,240,355
STVSK-2,CAMP_DIW_01,P03,156,25% OFF,248,225
STMLR-2,CAMP_DIW_01,P15,3000,500 Cashback,217,659
STCBE-0,CAMP_SAN_01,P01,172,33% OFF,244,368
STVSK-0,CAMP_SAN_01,P12,62,50% OFF,39,63
STMLR-2,CAMP_SAN_01,P14,1020,BOGOF,61,243
STCHE-2,CAMP_SAN_01,P09,90,25% OFF,54,50
STMDU-1,CAMP_SAN_01,P04,370,BOGOF,337,1337
STVSK-3,CAMP_DIW_01,P07,300,BOGOF,36,108
STCHE-7,CAMP_SAN_01,P03,200,BOGOF,448,1895
STBLR-4,CAMP_SAN_01,P08,1190,BOGOF,39,156
STBLR-2,CAMP_DIW_01,P15,3000,500 Cashback,318,915
STBLR-4,CAMP_DIW_01,P02,860,33% OFF,357,549
STHYD-0,CAMP_DIW_01,P07,300,BOGOF,52,173
STMDU-2,CAMP_DIW_01,P12,62,50% OFF,71,80
STMLR-1,CAMP_SAN_01,P07,300,BOGOF,30,120
STCBE-1,CAMP_DIW_01,P11,190,50% OFF,61,65
STBLR-4,CAMP_SAN_01,P09,90,25% OFF,66,56
STMYS-1,CAMP_SAN_01,P12,62,50% OFF,45,71
STMLR-2,CAMP_DIW_01,P03,156,25% OFF,204,175
STVSK-2,CAMP_SAN_01,P09,90,25% OFF,43,35
STBLR-9,CAMP_DIW_01,P02,860,33% OFF,337,488
STMLR-1,CAMP_SAN_01,P10,50,25% OFF,13,10
STCHE-3,CAMP_SAN_01,P13,350,BOGOF,122,529
STBLR-2,CAMP_DIW_01,P04,290,25% OFF,350,304
STMDU-0,CAMP_SAN_01,P07,300,BOGOF,31,130
STVSK-0,CAMP_DIW_01,P08,1190,BOGOF,42,145
STMDU-2,CAMP_SAN_01,P07,300,BOGOF,33,128
STVSK-4,CAMP_SAN_01,P10,50,25% OFF,21,15
STCBE-3,CAMP_SAN_01,P04,370,BOGOF,364,1434
STMDU-1,CAMP_SAN_01,P06,415,25% OFF,21,17
STCBE-0,CAMP_SAN_01,P15,3000,500 Cashback,126,275
STCHE-0,CAMP_SAN_01,P09,90,25% OFF,72,59
STCBE-4,CAMP_SAN_01,P01,172,33% OFF,205,284
STTRV-0,CAMP_SAN_01,P01,172,33% OFF,132,187
STBLR-1,CAMP_SAN_01,P14,1020,BOGOF,97,257
STBLR-1,CAMP_SAN_01,P05,55,25% OFF,19,17
STVSK-1,CAMP_DIW_01,P13,350,BOGOF,61,204
STTRV-0,CAMP_SAN_01,P14,1020,BOGOF,70,280
STHYD-5,CAMP_SAN_01,P06,415,25% OFF,39,35
STHYD-4,CAMP_SAN_01,P14,1020,BOGOF,102,410
STMLR-1,CAMP_DIW_01,P10,65,50% OFF,50,68
STMLR-0,CAMP_SAN_01,P06,415,25% OFF,15,12
STHYD-4,CAMP_SAN_01,P04,370,BOGOF,403,1567
STCHE-2,CAMP_SAN_01,P08,1190,BOGOF,45,175
STCBE-1,CAMP_DIW_01,P10,65,50% OFF,80,92
STMYS-1,CAMP_SAN_01,P10,50,25% OFF,28,20
STCBE-4,CAMP_SAN_01,P06,415,25% OFF,21,17
STBLR-8,CAMP_SAN_01,P03,200,BOGOF,360,1414
STMYS-1,CAMP_DIW_01,P04,290,25% OFF,204,157
STBLR-6,CAMP_DIW_01,P04,290,25% OFF,360,320
STHYD-6,CAMP_DIW_01,P14,1020,BOGOF,45,155
STBLR-8,CAMP_SAN_01,P12,62,50% OFF,55,77
STCBE-3,CAMP_DIW_01,P02,860,33% OFF,266,446
STHYD-6,CAMP_SAN_01,P07,300,BOGOF,51,205
STCHE-7,CAMP_DIW_01,P13,350,BOGOF,63,242
STTRV-1,CAMP_DIW_01,P07,300,BOGOF,29,96
STTRV-0,CAMP_DIW_01,P14,1020,BOGOF,21,70
STBLR-8,CAMP_SAN_01,P11,190,50% OFF,45,62
STHYD-6,CAMP_DIW_01,P05,55,25% OFF,117,104
STHYD-6,CAMP_DIW_01,P07,300,BOGOF,63,218
STHYD-0,CAMP_SAN_01,P02,860,33% OFF,514,791
STHYD-4,CAMP_DIW_01,P01,172,33% OFF,304,465
STVSK-1,CAMP_DIW_01,P03,156,25% OFF,246,194
STBLR-5,CAMP_SAN_01,P14,1020,BOGOF,97,380
STBLR-0,CAMP_DIW_01,P04,290,25% OFF,337,296
STTRV-1,CAMP_SAN_01,P09,90,25% OFF,30,28
STBLR-7,CAMP_DIW_01,P10,65,50% OFF,120,188
STMYS-0,CAMP_SAN_01,P01,172,33% OFF,279,401
STBLR-1,CAMP_SAN_01,P01,172,33% OFF,297,418
STHYD-1,CAMP_DIW_01,P09,110,50% OFF,87,92
STMLR-2,CAMP_SAN_01,P04,370,BOGOF,226,881
STHYD-5,CAMP_DIW_01,P12,62,50% OFF,161,209
STMDU-1,CAMP_SAN_01,P15,3000,500 Cashback,85,195
STBLR-7,CAMP_DIW_01,P09,110,50% OFF,78,117
STVJD-1,CAMP_SAN_01,P02,860,33% OFF,274,394
STMDU-3,CAMP_DIW_01,P01,172,33% OFF,292,373
STHYD-1,CAMP_DIW_01,P11,190,50% OFF,61,72
STMDU-2,CAMP_SAN_01,P02,860,33% OFF,319,379
STHYD-1,CAMP_SAN_01,P03,200,BOGOF,328,833
STCHE-0,CAMP_SAN_01,P12,62,50% OFF,55,79
STMLR-2,CAMP_SAN_01,P11,190,50% OFF,24,27
STVSK-4,CAMP_DIW_01,P02,860,33% OFF,267,389
STBLR-3,CAMP_DIW_01,P12,62,50% OFF,126,157
STVSK-0,CAMP_SAN_01,P08,1190,BOGOF,28,108
STMYS-0,CAMP_DIW_01,P08,1190,BOGOF,50,146
STCHE-6,CAMP_SAN_01,P14,1020,BOGOF,138,547
STCBE-3,CAMP_SAN_01,P13,350,BOGOF,99,383
STBLR-8,CAMP_DIW_01,P09,110,50% OFF,61,77
STMYS-2,CAMP_SAN_01,P06,415,25% OFF,31,26
STCBE-4,CAMP_DIW_01,P03,156,25% OFF,257,221
STVSK-2,CAMP_DIW_01,P15,3000,500 Cashback,204,589
STHYD-3,CAMP_SAN_01,P14,1020,BOGOF,87,236
STCBE-4,CAMP_SAN_01,P05,55,25% OFF,16,12
STBLR-8,CAMP_SAN_01,P06,415,25% OFF,22,16
STBLR-3,CAMP_SAN_01,P12,62,50% OFF,61,84
STMDU-1,CAMP_SAN_01,P10,50,25% OFF,22,18
STCBE-0,CAMP_DIW_01,P12,62,50% OFF,80,119
STVSK-0,CAMP_SAN_01,P13,350,BOGOF,73,282
STBLR-9,CAMP_SAN_01,P12,62,50% OFF,52,73
